,Name,Price,Stars and Review,Description
0,Guest suite in Islamabad,$132Show price breakdown,"4.9 out of 5 average rating,  174 reviews4.9 (174)",
1,Apartment in Islamabad,$280Show price breakdown,"4.93 out of 5 average rating,  58 reviews4.93 (58)","Rooftop Studio F-6, Secure with Private access"
2,Guest suite in Islamabad,$229Show price breakdown,"4.94 out of 5 average rating,  139 reviews4.94 (139)","1 bedroom1 bedroom1 double bed,  · 1 double bed"
3,Home in Islamabad,$601Show price breakdown,New place to stayNew,May 1 – 6May 1 – 6
4,Apartment in Islamabad,$373Show price breakdown,"5.0 out of 5 average rating,  21 reviews5.0 (21)",
5,Apartment in Islamabad,$194Show price breakdown,"4.86 out of 5 average rating,  73 reviews4.86 (73)",
6,Place to stay in Islamabad,$98Show price breakdown,"5.0 out of 5 average rating,  4 reviews5.0 (4)",Private 1-BR Apartment F-8*Centaurus*Faisal Masjid
7,Room in Islamabad,$286Show price breakdown,"4.95 out of 5 average rating,  113 reviews4.95 (113)","1 bedroom1 bedroom2 beds,  · 2 beds"
8,Apartment in Islamabad,$571Show price breakdown,"4.94 out of 5 average rating,  33 reviews4.94 (33)",May 1 – 6May 1 – 6
9,Apartment in Islamabad,$185Show price breakdown,"4.61 out of 5 average rating,  18 reviews4.61 (18)",
10,Apartment in Islamabad,$495Show price breakdown,"5.0 out of 5 average rating,  41 reviews5.0 (41)",
11,Apartment in Islamabad,$268Show price breakdown,"4.94 out of 5 average rating,  87 reviews4.94 (87)","Stylish, clean & comfortable annexe in Sector F-6"
12,Apartment in Islamabad,$661Show price breakdown,"5.0 out of 5 average rating,  5 reviews5.0 (5)","2 bedrooms2 bedrooms2 double beds,  · 2 double beds"
13,Apartment in Islamabad,$206Show price breakdown,"4.83 out of 5 average rating,  30 reviews4.83 (30)",May 1 – 6May 1 – 6
14,Apartment in Islamabad,$420Show price breakdown,"5.0 out of 5 average rating,  6 reviews5.0 (6)",
15,Apartment in Islamabad,$297Show price breakdown,"4.89 out of 5 average rating,  35 reviews4.89 (35)",
16,Room in Islamabad,$80Show price breakdown,"4.95 out of 5 average rating,  39 reviews4.95 (39)",Spacious 3BR Luxury Home in F7 Islamabad | Private
17,Apartment in Islamabad,$386Show price breakdown,"4.9 out of 5 average rating,  59 reviews4.9 (59)","3 bedrooms3 bedrooms3 beds,  · 3 beds"
18,Place to stay in Islamabad,$291Show price breakdown,"5.0 out of 5 average rating,  16 reviews5.0 (16)",May 1 – 6May 1 – 6
19,Place to stay in Islamabad,$115Show price breakdown,"4.86 out of 5 average rating,  219 reviews4.86 (219)",
20,Condo in Islamabad,$400Show price breakdown,"4.99 out of 5 average rating,  143 reviews4.99 (143)",
21,Place to stay in Islamabad,$158Show price breakdown,New place to stayNew,1 BR Condo in Elysium Downtown ISD - Mountain View
22,Place to stay in Islamabad,$98Show price breakdown,New place to stayNew,"1 bedroom1 bedroom1 bed,  · 1 bed"
23,Apartment in Islamabad,$217Show price breakdown,"4.88 out of 5 average rating,  107 reviews4.88 (107)",May 3 – 8May 3 – 8
24,Room in Islamabad,$160Show price breakdown,"5.0 out of 5 average rating,  9 reviews5.0 (9)",
25,Apartment in Islamabad,$314Show price breakdown,"5.0 out of 5 average rating,  12 reviews5.0 (12)",
26,Home in Islamabad,$617Show price breakdown,New place to stayNew,The Minimalist 1
27,Apartment in Islamabad,$355Show price breakdown,New place to stayNew,"1 bedroom1 bedroom1 bed,  · 1 bed"
28,Apartment in Islamabad,$593Show price breakdown,"5.0 out of 5 average rating,  6 reviews5.0 (6)",May 1 – 6May 1 – 6
29,Apartment in Islamabad,$277Show price breakdown,New place to stayNew,
30,Villa in Haripur,"$1,073Show price breakdown","4.91 out of 5 average rating,  127 reviews4.91 (127)",
31,Apartment in Islamabad,$87Show price breakdown,New place to stayNew,Seven Central - Pine 1BR
32,Villa in Islamabad,$297Show price breakdown,New place to stayNew,"1 bedroom1 bedroom1 bed,  · 1 bed"
33,Condo in Islamabad,$345Show price breakdown,"5.0 out of 5 average rating,  10 reviews5.0 (10)",May 1 – 6May 1 – 6
34,Bed and breakfast in Islamabad,$80Show price breakdown,"5.0 out of 5 average rating,  3 reviews5.0 (3)",
35,Apartment in Islamabad,$106Show price breakdown,"5.0 out of 5 average rating,  4 reviews5.0 (4)",
36,Place to stay in Islamabad,$100Show price breakdown,"5.0 out of 5 average rating,  7 reviews5.0 (7)","The Garden view, with pvt entrance"
37,Apartment in Islamabad,$120Show price breakdown,New place to stayNew,1 queen bed1 queen bed
38,Villa in Islamabad,$875Show price breakdown,"5.0 out of 5 average rating,  20 reviews5.0 (20)",May 1 – 6May 1 – 6
39,Home in Islamabad,$263Show price breakdown,"4.78 out of 5 average rating,  74 reviews4.78 (74)",
40,Apartment in Islamabad,$551Show price breakdown,"5.0 out of 5 average rating,  3 reviews5.0 (3)",
41,Place to stay in Islamabad,$343Show price breakdown,"4.94 out of 5 average rating,  101 reviews4.94 (101)",2 BD Designer Apt | Islamabad and Mountain Views
42,Place to stay in Islamabad,$98Show price breakdown,New place to stayNew,"2 bedrooms2 bedrooms2 beds,  · 2 beds"
43,Apartment in Islamabad,$331Show price breakdown,"5.0 out of 5 average rating,  3 reviews5.0 (3)",May 1 – 6May 1 – 6
44,Place to stay in Islamabad,$103Show price breakdown,"5.0 out of 5 average rating,  4 reviews5.0 (4)",
45,Apartment in Islamabad,$404Show price breakdown,"4.83 out of 5 average rating,  6 reviews4.83 (6)",
46,Farm stay in Sangada,$300Show price breakdown,"5.0 out of 5 average rating,  4 reviews5.0 (4)",Private 1-Bedroom Apt - Park Towers F-10 Markaz
47,Condo in Islamabad,$363Show price breakdown,"5.0 out of 5 average rating,  4 reviews5.0 (4)","1 bedroom1 bedroom2 beds,  · 2 beds"
48,Apartment in Islamabad,$105Show price breakdown,"5.0 out of 5 average rating,  6 reviews5.0 (6)",May 1 – 6May 1 – 6
49,Apartment in Islamabad,$194Show price breakdown,"4.83 out of 5 average rating,  24 reviews4.83 (24)",
50,Home in Islamabad,$444Show price breakdown,"4.84 out of 5 average rating,  43 reviews4.84 (43)",
51,Apartment in Islamabad,$430Show price breakdown,"5.0 out of 5 average rating,  3 reviews5.0 (3)",Centaurus Ultra Luxury - Mountain Vista Apartment
52,Apartment in Islamabad,$189Show price breakdown,"4.94 out of 5 average rating,  17 reviews4.94 (17)","2 bedrooms2 bedrooms2 beds,  · 2 beds"
53,Room in Islamabad,$140Show price breakdown,"4.79 out of 5 average rating,  58 reviews4.79 (58)",May 1 – 6May 1 – 6
54,Apartment in Islamabad,$428Show price breakdown,"4.98 out of 5 average rating,  227 reviews4.98 (227)",
55,Apartment in Islamabad,$189Show price breakdown,"5.0 out of 5 average rating,  4 reviews5.0 (4)",
56,Apartment in Islamabad,$91Show price breakdown,New place to stayNew,The Vaulted Retreat! @ F-7
57,Room in Islamabad,$131Show price breakdown,"4.83 out of 5 average rating,  119 reviews4.83 (119)","1 bedroom1 bedroom1 bed,  · 1 bed"
58,Apartment in Islamabad,$264Show price breakdown,"5.0 out of 5 average rating,  26 reviews5.0 (26)",May 1 – 6May 1 – 6
59,Apartment in Islamabad,$276Show price breakdown,"5.0 out of 5 average rating,  12 reviews5.0 (12)",
60,Home in Islamabad,$343Show price breakdown,"4.86 out of 5 average rating,  74 reviews4.86 (74)",
61,Apartment in Islamabad,$280Show price breakdown,"4.97 out of 5 average rating,  38 reviews4.97 (38)",The Innovators 2BR | Premium Stay in Elysium Tower
62,Apartment in Islamabad,$312Show price breakdown,"4.71 out of 5 average rating,  7 reviews4.71 (7)","2 bedrooms2 bedrooms2 beds,  · 2 beds"
63,Home in Islamabad,$370Show price breakdown,"5.0 out of 5 average rating,  6 reviews5.0 (6)",May 1 – 6May 1 – 6
64,Apartment in Islamabad,$247Show price breakdown,"4.67 out of 5 average rating,  3 reviews4.67 (3)",
65,Place to stay in Islamabad,$283Show price breakdown,"5.0 out of 5 average rating,  3 reviews5.0 (3)",
66,Home in Islamabad,"$1,982Show price breakdown","5.0 out of 5 average rating,  14 reviews5.0 (14)",Noir & Gold 1BHK 15% OFF | Self Check-In & Safe
67,Room in Islamabad,$160Show price breakdown,"5.0 out of 5 average rating,  49 reviews5.0 (49)","1 bedroom1 bedroom1 king bed,  · 1 king bed"
68,Place to stay in Islamabad,$90Show price breakdown,"4.83 out of 5 average rating,  6 reviews4.83 (6)",May 1 – 6May 1 – 6
69,Apartment in Islamabad,$132Show price breakdown,"4.92 out of 5 average rating,  12 reviews4.92 (12)",
70,Apartment in Islamabad,$172Show price breakdown,"5.0 out of 5 average rating,  21 reviews5.0 (21)",
71,Apartment in Islamabad,$172Show price breakdown,"5.0 out of 5 average rating,  11 reviews5.0 (11)",Pinterest - Mountain View 2BR - Elysium Towers
72,Apartment in Islamabad,$428Show price breakdown,"4.88 out of 5 average rating,  64 reviews4.88 (64)","2 bedrooms2 bedrooms2 beds,  · 2 beds"
73,Apartment in Islamabad,$299Show price breakdown,"4.82 out of 5 average rating,  83 reviews4.82 (83)",May 1 – 6May 1 – 6
74,Home in Islamabad,$142Show price breakdown,"4.9 out of 5 average rating,  21 reviews4.9 (21)",
75,Condo in Islamabad,$394Show price breakdown,"4.95 out of 5 average rating,  21 reviews4.95 (21)",
76,Apartment in Islamabad,$342Show price breakdown,"4.95 out of 5 average rating,  22 reviews4.95 (22)",The Lodge – Modern BHK Studio in Central Islamabad
77,Room in Islamabad,$155Show price breakdown,"4.87 out of 5 average rating,  206 reviews4.87 (206)","1 bedroom1 bedroom1 bed,  · 1 bed"
78,Apartment in Islamabad,$193Show price breakdown,"5.0 out of 5 average rating,  13 reviews5.0 (13)",May 1 – 6May 1 – 6
79,Apartment in Islamabad,$286Show price breakdown,"4.93 out of 5 average rating,  44 reviews4.93 (44)",
80,Room in Islamabad,$115Show price breakdown,"4.9 out of 5 average rating,  125 reviews4.9 (125)",
81,Apartment in Islamabad,$229Show price breakdown,"5.0 out of 5 average rating,  3 reviews5.0 (3)",Economy Triplet - By Nexus Residences
82,Place to stay in Islamabad,$115Show price breakdown,New place to stayNew,2 beds2 beds
83,Apartment in Islamabad,$120Show price breakdown,"4.86 out of 5 average rating,  100 reviews4.86 (100)",May 1 – 6May 1 – 6
84,Villa in Islamabad,$202Show price breakdown,"4.91 out of 5 average rating,  86 reviews4.91 (86)",
85,Apartment in Islamabad,$272Show price breakdown,"4.88 out of 5 average rating,  8 reviews4.88 (8)",
86,Condo in Islamabad,$183Show price breakdown,"4.92 out of 5 average rating,  74 reviews4.92 (74)",1 Bed Designer Suite in Elysium
87,Home in Islamabad,$143Show price breakdown,"5.0 out of 5 average rating,  4 reviews5.0 (4)","1 bedroom1 bedroom1 bed,  · 1 bed"
88,Place to stay in Islamabad,$257Show price breakdown,"4.99 out of 5 average rating,  124 reviews4.99 (124)",May 1 – 6May 1 – 6
89,Home in Saradna,$531Show price breakdown,,
90,Condo in Islamabad,$109Show price breakdown,"5.0 out of 5 average rating,  22 reviews5.0 (22)",
91,Home in Islamabad,$371Show price breakdown,"5.0 out of 5 average rating,  4 reviews5.0 (4)",Comfortable Stay | Walking Distance to US Embassy
92,Apartment in Islamabad,$139Show price breakdown,"5.0 out of 5 average rating,  3 reviews5.0 (3)","1 bedroom1 bedroom1 double bed,  · 1 double bed"
93,Apartment in Islamabad,$137Show price breakdown,"4.86 out of 5 average rating,  7 reviews4.86 (7)",May 1 – 6May 1 – 6
94,Apartment in Rawalpindi,$144Show price breakdown,"4.94 out of 5 average rating,  17 reviews4.94 (17)",
95,Home in Islamabad,$457Show price breakdown,"4.97 out of 5 average rating,  29 reviews4.97 (29)",
96,Condo in Islamabad,$272Show price breakdown,"5.0 out of 5 average rating,  3 reviews5.0 (3)","Basic, comfort, private entrance bedroom in F-6"
97,Condo in Islamabad,$128Show price breakdown,"4.96 out of 5 average rating,  28 reviews4.96 (28)","1 bedroom1 bedroom1 double bed,  · 1 double bed"
98,Home in Islamabad,$176Show price breakdown,"4.91 out of 5 average rating,  153 reviews4.91 (153)",May 1 – 6May 1 – 6
99,Apartment in Islamabad,$120Show price breakdown,"4.86 out of 5 average rating,  100 reviews4.86 (100)",
100,Apartment in Rawalpindi,$149Show price breakdown,"5.0 out of 5 average rating,  25 reviews5.0 (25)",
101,Guesthouse in Islamabad,$143Show price breakdown,"5.0 out of 5 average rating,  12 reviews5.0 (12)",BlueOak Residences | Bathtub | Central | Gym
102,Apartment in Islamabad,$128Show price breakdown,New place to stayNew,"2 bedrooms2 bedrooms2 king beds,  · 2 king beds"
103,Condo in Islamabad,$160Show price breakdown,"5.0 out of 5 average rating,  48 reviews5.0 (48)",May 17 – 22May 17 – 22
104,Apartment in Islamabad,$109Show price breakdown,"5.0 out of 5 average rating,  6 reviews5.0 (6)",
105,Apartment in Islamabad,$113Show price breakdown,"5.0 out of 5 average rating,  7 reviews5.0 (7)",
106,Apartment in Islamabad,$182Show price breakdown,New place to stayNew,One bedroom in family only apartment
107,Apartment in Islamabad,$172Show price breakdown,"5.0 out of 5 average rating,  11 reviews5.0 (11)","1 bedroom1 bedroom1 bed,  · 1 bed"
108,Room in Islamabad,$142Show price breakdown,"4.84 out of 5 average rating,  125 reviews4.84 (125)",May 1 – 6May 1 – 6
109,Apartment in Islamabad,$312Show price breakdown,"5.0 out of 5 average rating,  6 reviews5.0 (6)",
110,Home in Islamabad,$625Show price breakdown,"4.86 out of 5 average rating,  22 reviews4.86 (22)",
111,Apartment in Islamabad,$164Show price breakdown,"4.92 out of 5 average rating,  12 reviews4.92 (12)",Seven Central - Birch 1BR
112,Apartment in Islamabad,$194Show price breakdown,"4.85 out of 5 average rating,  66 reviews4.85 (66)","1 bedroom1 bedroom1 bed,  · 1 bed"
113,Apartment in Islamabad,$326Show price breakdown,"5.0 out of 5 average rating,  10 reviews5.0 (10)",May 1 – 6May 1 – 6
114,Bed and breakfast in Islamabad,$154Show price breakdown,"5.0 out of 5 average rating,  3 reviews5.0 (3)",
115,Apartment in Islamabad,$585Show price breakdown,"5.0 out of 5 average rating,  15 reviews5.0 (15)",
116,Apartment in Islamabad,$223Show price breakdown,"5.0 out of 5 average rating,  77 reviews5.0 (77)",The Minimalist 3
117,Condo in Islamabad,$685Show price breakdown,"5.0 out of 5 average rating,  4 reviews5.0 (4)","1 bedroom1 bedroom1 bed,  · 1 bed"
118,Condo in Islamabad,$310Show price breakdown,"4.98 out of 5 average rating,  82 reviews4.98 (82)",May 1 – 6May 1 – 6
119,Apartment in Islamabad,$278Show price breakdown,New place to stayNew,
120,Apartment in Islamabad,$351Show price breakdown,"5.0 out of 5 average rating,  4 reviews5.0 (4)",
121,Apartment in Islamabad,$520Show price breakdown,"5.0 out of 5 average rating,  13 reviews5.0 (13)",Grand Peace House III / Private Room
122,Apartment in Islamabad,$371Show price breakdown,"4.85 out of 5 average rating,  13 reviews4.85 (13)",1 king bed1 king bed
123,Apartment in Islamabad,$100Show price breakdown,"4.88 out of 5 average rating,  16 reviews4.88 (16)",May 1 – 6May 1 – 6
124,Home in Islamabad,$411Show price breakdown,"5.0 out of 5 average rating,  61 reviews5.0 (61)",
125,Home in Islamabad,$530Show price breakdown,New place to stayNew,
126,Place to stay in Islamabad,$322Show price breakdown,"5.0 out of 5 average rating,  3 reviews5.0 (3)",UNA Luxury 1-Bed Apt at Downtown | Elysium
127,Apartment in Islamabad,$125Show price breakdown,"4.6 out of 5 average rating,  5 reviews4.6 (5)","1 bedroom1 bedroom1 king bed,  · 1 king bed"
128,Place to stay in Islamabad,$172Show price breakdown,"4.92 out of 5 average rating,  131 reviews4.92 (131)",May 1 – 6May 1 – 6
129,Apartment in Islamabad,$120Show price breakdown,New place to stayNew,
130,Apartment in Islamabad,$469Show price breakdown,New place to stayNew,
131,Condo in Islamabad,$389Show price breakdown,New place to stayNew,Thy Stay•Modern Luxury 3BR Home•Central Islamabad
132,Apartment in Islamabad,$119Show price breakdown,"4.96 out of 5 average rating,  67 reviews4.96 (67)","3 bedrooms3 bedrooms3 king beds,  · 3 king beds"
133,Place to stay in Islamabad,$105Show price breakdown,,May 1 – 6May 1 – 6
134,Apartment in Islamabad,$151Show price breakdown,New place to stayNew,
135,Apartment in Islamabad,$105Show price breakdown,New place to stayNew,
136,Home in Islamabad,$172Show price breakdown,New place to stayNew,Luxury 1BR | The Centaurus | Pool · Gym · Views
137,Apartment in Islamabad,$327Show price breakdown,"5.0 out of 5 average rating,  53 reviews5.0 (53)","1 bedroom1 bedroom1 bed,  · 1 bed"
138,Place to stay in Islamabad,$88Show price breakdown,,May 1 – 6May 1 – 6
139,Home in Islamabad,$297Show price breakdown,,
140,Rooms in Islamabad,$157Show price breakdown,,
141,Apartment in Islamabad,$292Show price breakdown,"5.0 out of 5 average rating,  22 reviews5.0 (22)",Designer 2BR in Elysium Downtown ISD opp Centaurus
142,Room in Islamabad,$140Show price breakdown,"4.88 out of 5 average rating,  204 reviews4.88 (204)","2 bedrooms2 bedrooms2 beds,  · 2 beds"
143,Condo in Islamabad,$457Show price breakdown,"4.93 out of 5 average rating,  59 reviews4.93 (59)",May 1 – 6May 1 – 6
144,Apartment in Islamabad,$97Show price breakdown,"4.78 out of 5 average rating,  113 reviews4.78 (113)",
145,Room in Islamabad,$95Show price breakdown,"4.88 out of 5 average rating,  50 reviews4.88 (50)",
146,Home in Islamabad,$685Show price breakdown,"4.96 out of 5 average rating,  45 reviews4.96 (45)",Two bedroom luxury family apartment
147,Apartment in Islamabad,$63Show price breakdown,"4.68 out of 5 average rating,  25 reviews4.68 (25)","2 bedrooms2 bedrooms2 beds,  · 2 beds"
148,Room in Islamabad,$95Show price breakdown,"4.59 out of 5 average rating,  37 reviews4.59 (37)",May 1 – 6May 1 – 6
149,Place to stay in Islamabad,$584Show price breakdown,"5.0 out of 5 average rating,  21 reviews5.0 (21)",
150,Place to stay in Islamabad,$110Show price breakdown,"5.0 out of 5 average rating,  3 reviews5.0 (3)",
151,Room in Islamabad,$159Show price breakdown,"4.82 out of 5 average rating,  177 reviews4.82 (177)",Noon Villa Annexe & Organic Farm (Khanpur Lake)
152,Condo in Islamabad,$182Show price breakdown,"4.97 out of 5 average rating,  29 reviews4.97 (29)","1 bedroom1 bedroom2 beds,  · 2 beds"
153,Home in Islamabad,$326Show price breakdown,"5.0 out of 5 average rating,  25 reviews5.0 (25)",May 1 – 6May 1 – 6
154,Apartment in Islamabad,$135Show price breakdown,"4.64 out of 5 average rating,  44 reviews4.64 (44)",
155,Apartment in Rawalpindi,$176Show price breakdown,New place to stayNew,
156,Condo in Islamabad,$160Show price breakdown,"5.0 out of 5 average rating,  48 reviews5.0 (48)",Cozy Studio Retreat | Solo travellers and Couples
157,Apartment in Islamabad,$457Show price breakdown,"4.89 out of 5 average rating,  174 reviews4.89 (174)","1 bedroom1 bedroom1 bed,  · 1 bed"
158,Apartment in Rawalpindi,$138Show price breakdown,"4.94 out of 5 average rating,  34 reviews4.94 (34)",May 1 – 6May 1 – 6
159,Room in Islamabad,$101Show price breakdown,,
160,Apartment in Islamabad,$167Show price breakdown,"5.0 out of 5 average rating,  7 reviews5.0 (7)",
161,Apartment in Bahria Enclave,$223Show price breakdown,"5.0 out of 5 average rating,  7 reviews5.0 (7)",Bogan Villa | Modern 2BR Villa | Entire Place |
162,Apartment in Islamabad,$254Show price breakdown,"4.87 out of 5 average rating,  30 reviews4.87 (30)","2 bedrooms2 bedrooms2 beds,  · 2 beds"
163,Apartment in Islamabad,$109Show price breakdown,"4.83 out of 5 average rating,  36 reviews4.83 (36)",May 1 – 6May 1 – 6
164,Boutique hotel in Rawalpindi,$126Show price breakdown,"4.75 out of 5 average rating,  4 reviews4.75 (4)",
165,Home in Islamabad,$714Show price breakdown,"4.56 out of 5 average rating,  25 reviews4.56 (25)",
166,Apartment in Islamabad,$134Show price breakdown,,11 Central 2BR I Margalla Sunset I Panoramic Views
167,Guesthouse in Islamabad,$143Show price breakdown,"5.0 out of 5 average rating,  12 reviews5.0 (12)","2 bedrooms2 bedrooms2 beds,  · 2 beds"
168,Home in Islamabad,$286Show price breakdown,"5.0 out of 5 average rating,  10 reviews5.0 (10)",May 1 – 6May 1 – 6
169,Apartment in Rawalpindi,$126Show price breakdown,"5.0 out of 5 average rating,  5 reviews5.0 (5)",
170,Apartment in Islamabad,$103Show price breakdown,New place to stayNew,
171,Home in Islamabad,"$1,088Show price breakdown","4.81 out of 5 average rating,  21 reviews4.81 (21)",|Cozy & |Comfortable Studio Room
172,Apartment in Islamabad,$342Show price breakdown,"4.79 out of 5 average rating,  58 reviews4.79 (58)","1 bedroom1 bedroom1 bed,  · 1 bed"
173,Condo in Islamabad,$109Show price breakdown,"5.0 out of 5 average rating,  22 reviews5.0 (22)",May 1 – 6May 1 – 6
174,Apartment in Islamabad,$87Show price breakdown,"4.91 out of 5 average rating,  32 reviews4.91 (32)",
175,Apartment in Islamabad,$394Show price breakdown,"4.96 out of 5 average rating,  49 reviews4.96 (49)",
176,Apartment in Islamabad,$146Show price breakdown,New place to stayNew,Margalla Whisper | Cozy 1BHK Netflix + Fast Wi-Fi
177,Condo in Islamabad,$120Show price breakdown,"5.0 out of 5 average rating,  20 reviews5.0 (20)","1 bedroom1 bedroom1 bed,  · 1 bed"
178,Apartment in Islamabad,$160Show price breakdown,"5.0 out of 5 average rating,  10 reviews5.0 (10)",May 1 – 6May 1 – 6
179,Condo in Islamabad,$217Show price breakdown,"5.0 out of 5 average rating,  39 reviews5.0 (39)",
180,Apartment in Islamabad,$124Show price breakdown,New place to stayNew,
181,Apartment in Islamabad,$140Show price breakdown,"5.0 out of 5 average rating,  3 reviews5.0 (3)",Modern minimal stay for city explorers B3
182,Apartment in Rawalpindi,$126Show price breakdown,New place to stayNew,"1 bedroom1 bedroom1 king bed,  · 1 king bed"
183,Rooms in Islamabad,$165Show price breakdown,"4.84 out of 5 average rating,  32 reviews4.84 (32)",May 1 – 6May 1 – 6
184,Apartment in Islamabad,$175Show price breakdown,"4.91 out of 5 average rating,  22 reviews4.91 (22)",
185,Condo in Islamabad,$272Show price breakdown,"5.0 out of 5 average rating,  3 reviews5.0 (3)",
186,Place to stay in Islamabad,$63Show price breakdown,New place to stayNew,Elegant 1-BR | Smart TV • High-Speed Wi-Fi • Prime Spot
187,Apartment in Islamabad,$150Show price breakdown,"5.0 out of 5 average rating,  5 reviews5.0 (5)","1 bedroom1 bedroom1 king bed,  · 1 king bed"
188,Home in Islamabad,$588Show price breakdown,"4.95 out of 5 average rating,  21 reviews4.95 (21)",May 1 – 6May 1 – 6
189,Room in Islamabad,$58Show price breakdown,"4.94 out of 5 average rating,  34 reviews4.94 (34)",
190,Apartment in Islamabad,$126Show price breakdown,"4.89 out of 5 average rating,  9 reviews4.89 (9)",
191,Room in Islamabad,$125Show price breakdown,"4.88 out of 5 average rating,  17 reviews4.88 (17)",2 Kanal Luxury-Main Margalla Road• Elite Location
192,Apartment in Islamabad,$115Show price breakdown,"4.87 out of 5 average rating,  39 reviews4.87 (39)","3 bedrooms3 bedrooms3 beds,  · 3 beds"
193,Home in Rawalpindi,$257Show price breakdown,"5.0 out of 5 average rating,  5 reviews5.0 (5)",May 1 – 6May 1 – 6
194,Bungalow in Islamabad,$503Show price breakdown,,
195,Place to stay in Islamabad,$108Show price breakdown,"5.0 out of 5 average rating,  3 reviews5.0 (3)",
196,Place to stay in Islamabad,$103Show price breakdown,"4.64 out of 5 average rating,  11 reviews4.64 (11)",Modern & Cozy 1-Bedroom Villa in F-7 Islamabad
197,Home in Islamabad,$350Show price breakdown,New place to stayNew,"1 bedroom1 bedroom1 bed,  · 1 bed"
198,Condo in Islamabad,$172Show price breakdown,"5.0 out of 5 average rating,  92 reviews5.0 (92)",May 1 – 6May 1 – 6
199,Condo in Islamabad,$297Show price breakdown,"5.0 out of 5 average rating,  34 reviews5.0 (34)",
200,Room in Islamabad,$143Show price breakdown,"5.0 out of 5 average rating,  13 reviews5.0 (13)",
201,Apartment in Islamabad,$95Show price breakdown,"4.84 out of 5 average rating,  31 reviews4.84 (31)",Three Bedroom Luxury Apartment With Lake View
202,Apartment in Islamabad/Rawalpindi,$173Show price breakdown,"5.0 out of 5 average rating,  14 reviews5.0 (14)","3 bedrooms3 bedrooms3 beds,  · 3 beds"
203,Apartment in Islamabad,$143Show price breakdown,"4.8 out of 5 average rating,  5 reviews4.8 (5)",May 1 – 6May 1 – 6
204,Apartment in Islamabad,$640Show price breakdown,,
205,Apartment in Islamabad,$118Show price breakdown,"4.85 out of 5 average rating,  33 reviews4.85 (33)",
206,Apartment in Islamabad,$106Show price breakdown,"5.0 out of 5 average rating,  9 reviews5.0 (9)",The Attic | Studio with pvt entrance and jacuzzi
207,Apartment in Rawalpindi,$146Show price breakdown,"5.0 out of 5 average rating,  24 reviews5.0 (24)","1 bedroom1 bedroom2 single beds,  · 2 single beds"
208,Condo in Islamabad,$200Show price breakdown,"4.98 out of 5 average rating,  82 reviews4.98 (82)",May 1 – 6May 1 – 6
209,Apartment in Islamabad,$105Show price breakdown,"4.92 out of 5 average rating,  26 reviews4.92 (26)",
210,Apartment in Islamabad,$327Show price breakdown,"5.0 out of 5 average rating,  53 reviews5.0 (53)",
211,Condo in Islamabad,$172Show price breakdown,"4.94 out of 5 average rating,  33 reviews4.94 (33)",Seven Central - Oak 1BR
212,Apartment in Islamabad,$181Show price breakdown,"5.0 out of 5 average rating,  12 reviews5.0 (12)","1 bedroom1 bedroom1 bed,  · 1 bed"
213,Apartment in Islamabad,$592Show price breakdown,"4.82 out of 5 average rating,  33 reviews4.82 (33)",May 1 – 6May 1 – 6
214,Apartment in Rawalpindi,$126Show price breakdown,"5.0 out of 5 average rating,  5 reviews5.0 (5)",
215,Home in Islamabad,$371Show price breakdown,"4.96 out of 5 average rating,  53 reviews4.96 (53)",
216,Apartment in Islamabad,$685Show price breakdown,"4.67 out of 5 average rating,  15 reviews4.67 (15)",luxury family Only 2 Bedroom Apartment
217,Apartment in Islamabad,$210Show price breakdown,New place to stayNew,"2 bedrooms2 bedrooms2 beds,  · 2 beds"
218,Rooms in Islamabad,$200Show price breakdown,"5.0 out of 5 average rating,  8 reviews5.0 (8)",May 1 – 6May 1 – 6
219,Home in Islamabad,$371Show price breakdown,"4.96 out of 5 average rating,  53 reviews4.96 (53)",
220,Apartment in Islamabad,$217Show price breakdown,"4.88 out of 5 average rating,  26 reviews4.88 (26)",
221,Condo in Islamabad,$105Show price breakdown,"4.88 out of 5 average rating,  131 reviews4.88 (131)",Private Room with Attached Bath in G-9 Islamabad
222,Apartment in Islamabad,$130Show price breakdown,"4.9 out of 5 average rating,  30 reviews4.9 (30)","1 bedroom1 bedroom1 bed,  · 1 bed"
223,Farm stay in Islamabad,$457Show price breakdown,,May 1 – 6May 1 – 6
224,Apartment in Islamabad,$231Show price breakdown,New place to stayNew,
225,Guesthouse in Islamabad,$152Show price breakdown,New place to stayNew,
226,Place to stay in Islamabad,$195Show price breakdown,"5.0 out of 5 average rating,  7 reviews5.0 (7)",Stylish 2BR Retreat | Bright & Spacious
227,Bed and breakfast in Rawalpindi,$100Show price breakdown,"5.0 out of 5 average rating,  4 reviews5.0 (4)","2 bedrooms2 bedrooms2 beds,  · 2 beds"
228,Apartment in Islamabad,$76Show price breakdown,New place to stayNew,May 1 – 6May 1 – 6
229,Guesthouse in Islamabad,$92Show price breakdown,New place to stayNew,
230,Apartment in Islamabad,$182Show price breakdown,New place to stayNew,
231,Place to stay in Islamabad,$137Show price breakdown,New place to stayNew,Pine Ridge • Farm • Dino Valley • Highland Resort
232,Apartment in Islamabad,$143Show price breakdown,New place to stayNew,"2 bedrooms2 bedrooms3 beds,  · 3 beds"
233,Condo in Islamabad,$128Show price breakdown,"4.96 out of 5 average rating,  28 reviews4.96 (28)",May 1 – 6May 1 – 6
234,Place to stay in Islamabad,$92Show price breakdown,"5.0 out of 5 average rating,  4 reviews5.0 (4)",
235,Place to stay in Islamabad,$92Show price breakdown,New place to stayNew,
236,Apartment in Rawalpindi,$181Show price breakdown,"5.0 out of 5 average rating,  17 reviews5.0 (17)",Luxury 2BR | 11 Central I Near Centaurus I Parking
237,Room in Islamabad,$115Show price breakdown,"4.94 out of 5 average rating,  35 reviews4.94 (35)","2 bedrooms2 bedrooms2 beds,  · 2 beds"
238,Apartment in Islamabad,$661Show price breakdown,"5.0 out of 5 average rating,  5 reviews5.0 (5)",May 1 – 6May 1 – 6
239,Condo in Islamabad,$189Show price breakdown,"5.0 out of 5 average rating,  15 reviews5.0 (15)",
240,Apartment in Islamabad,$102Show price breakdown,"4.92 out of 5 average rating,  38 reviews4.92 (38)",
241,Apartment in Islamabad,$126Show price breakdown,"5.0 out of 5 average rating,  3 reviews5.0 (3)",Element 302 - Studio luxury Apartment E-11/2
242,Apartment in Islamabad,$124Show price breakdown,New place to stayNew,"1 bedroom1 bedroom1 bed,  · 1 bed"
243,Apartment in Islamabad,$267Show price breakdown,New place to stayNew,May 1 – 6May 1 – 6
244,Apartment in Islamabad,$139Show price breakdown,"5.0 out of 5 average rating,  6 reviews5.0 (6)",
245,Apartment in Islamabad,$175Show price breakdown,"4.91 out of 5 average rating,  22 reviews4.91 (22)",
246,Apartment in Islamabad,$360Show price breakdown,"4.81 out of 5 average rating,  21 reviews4.81 (21)",Modern Furnished Studio with Homely Vibe in F-10
247,Room in Islamabad,$58Show price breakdown,"5.0 out of 5 average rating,  9 reviews5.0 (9)","1 bedroom1 bedroom1 bed,  · 1 bed"
248,Home in Islamabad,$109Show price breakdown,,May 1 – 6May 1 – 6
249,Room in Islamabad,$101Show price breakdown,,
250,Condo in Rawalpindi,$142Show price breakdown,"5.0 out of 5 average rating,  9 reviews5.0 (9)",
251,Apartment in Islamabad,$495Show price breakdown,"5.0 out of 5 average rating,  41 reviews5.0 (41)",Entire 4BR Family House in Central G-9/3 Islamabad
252,Apartment in Islamabad,$714Show price breakdown,"5.0 out of 5 average rating,  7 reviews5.0 (7)","4 bedrooms4 bedrooms4 double beds,  · 4 double beds"
253,Apartment in Islamabad,$152Show price breakdown,New place to stayNew,May 1 – 6May 1 – 6
254,Condo in Islamabad,$97Show price breakdown,"4.93 out of 5 average rating,  59 reviews4.93 (59)",
255,Guesthouse in Islamabad,$913Show price breakdown,"4.81 out of 5 average rating,  31 reviews4.81 (31)",
256,Home in Islamabad,$735Show price breakdown,"5.0 out of 5 average rating,  5 reviews5.0 (5)",Above Islamabad | Panoramic View 1 BR in Park Lane
257,Place to stay in Islamabad,$58Show price breakdown,New place to stayNew,"1 bedroom1 bedroom1 bed,  · 1 bed"
258,Resort in Islamabad,$48Show price breakdown,New place to stayNew,May 1 – 6May 1 – 6
259,Apartment in Islamabad,$169Show price breakdown,New place to stayNew,
260,Apartment in Islamabad,$286Show price breakdown,,
261,Apartment in Islamabad,$95Show price breakdown,New place to stayNew,| MMUK’s Signature 2BHK | Free Netflix | Heated |
262,Apartment in Islamabad,$106Show price breakdown,"5.0 out of 5 average rating,  9 reviews5.0 (9)","2 bedrooms2 bedrooms2 double beds,  · 2 double beds"
263,Room in Islamabad,$246Show price breakdown,"5.0 out of 5 average rating,  11 reviews5.0 (11)",May 1 – 6May 1 – 6
264,Apartment in Islamabad,$119Show price breakdown,"5.0 out of 5 average rating,  6 reviews5.0 (6)",
265,Home in Islamabad,$113Show price breakdown,,
266,Apartment in Islamabad,$550Show price breakdown,"5.0 out of 5 average rating,  3 reviews5.0 (3)","Cheerful, Comfy & Centrally Located in Islamabad 1"
267,Guest suite in Islamabad,$371Show price breakdown,"4.85 out of 5 average rating,  119 reviews4.85 (119)",1 king bed1 king bed
268,Home in Islamabad,$622Show price breakdown,"4.86 out of 5 average rating,  7 reviews4.86 (7)",May 1 – 6May 1 – 6
269,Apartment in Rawalpindi,$136Show price breakdown,New place to stayNew,
270,N/A,N/A,N/A,
271,N/A,N/A,N/A,"Executive suite with jacuzzi,massage chair,F-10"
272,N/A,N/A,N/A,"1 bedroom1 bedroom1 king bed,  · 1 king bed"
273,N/A,N/A,N/A,May 1 – 6May 1 – 6
274,N/A,N/A,N/A,
275,N/A,N/A,N/A,
276,N/A,N/A,N/A,The soft loft
277,N/A,N/A,N/A,"1 bedroom1 bedroom1 bed,  · 1 bed"
278,N/A,N/A,N/A,May 1 – 6May 1 – 6
279,N/A,N/A,N/A,
280,N/A,N/A,N/A,
281,N/A,N/A,N/A,| The Corner Getaway | 1 BHK Deluxe Suite | E-11
282,N/A,N/A,N/A,"1 bedroom1 bedroom1 bed,  · 1 bed"
283,N/A,N/A,N/A,May 1 – 6May 1 – 6
284,N/A,N/A,N/A,
285,N/A,N/A,N/A,
286,N/A,N/A,N/A,"Exquisite Rooms F-7 Islamabad, English Home R#104"
287,N/A,N/A,N/A,1 double bed1 double bed
288,N/A,N/A,N/A,May 1 – 6May 1 – 6
289,N/A,N/A,N/A,
290,N/A,N/A,N/A,
291,N/A,N/A,N/A,Aura Living — Cozy 1 BR in F10 | Self Check-in
292,N/A,N/A,N/A,"1 bedroom1 bedroom2 beds,  · 2 beds"
293,N/A,N/A,N/A,May 1 – 6May 1 – 6
294,N/A,N/A,N/A,
295,N/A,N/A,N/A,
296,N/A,N/A,N/A,Warm Luxury 2 Bedroom Apartment in Prime Location
297,N/A,N/A,N/A,"2 bedrooms2 bedrooms2 beds,  · 2 beds"
298,N/A,N/A,N/A,May 1 – 6May 1 – 6
299,N/A,N/A,N/A,
300,N/A,N/A,N/A,
301,N/A,N/A,N/A,VILLA G-Floor | 2BHK| Lawn| Park view| ISB Central
302,N/A,N/A,N/A,"2 bedrooms2 bedrooms2 beds,  · 2 beds"
303,N/A,N/A,N/A,May 1 – 6May 1 – 6
304,N/A,N/A,N/A,
305,N/A,N/A,N/A,
306,N/A,N/A,N/A,The Noir Niche - Central - Self Checkin
307,N/A,N/A,N/A,"1 bedroom1 bedroom1 queen bed,  · 1 queen bed"
308,N/A,N/A,N/A,May 1 – 6May 1 – 6
309,N/A,N/A,N/A,
310,N/A,N/A,N/A,
311,N/A,N/A,N/A,Comfortable 1-Bedroom Stay | Elysium Tower
312,N/A,N/A,N/A,"1 bedroom1 bedroom1 bed,  · 1 bed"
313,N/A,N/A,N/A,May 2 – 7May 2 – 7
314,N/A,N/A,N/A,
315,N/A,N/A,N/A,
316,N/A,N/A,N/A,Seven Central - Cedar Floor (4BR)
317,N/A,N/A,N/A,"4 bedrooms4 bedrooms4 beds,  · 4 beds"
318,N/A,N/A,N/A,May 1 – 6May 1 – 6
319,N/A,N/A,N/A,
320,N/A,N/A,N/A,
321,N/A,N/A,N/A,1 BHK Modern Luxury Apartment in Central Islamabad
322,N/A,N/A,N/A,"1 bedroom1 bedroom1 bed,  · 1 bed"
323,N/A,N/A,N/A,May 1 – 6May 1 – 6
324,N/A,N/A,N/A,
325,N/A,N/A,N/A,
326,N/A,N/A,N/A,Seven Central - Maple 3BR
327,N/A,N/A,N/A,"3 bedrooms3 bedrooms3 beds,  · 3 beds"
328,N/A,N/A,N/A,May 1 – 6May 1 – 6
329,N/A,N/A,N/A,
330,N/A,N/A,N/A,
331,N/A,N/A,N/A,Secluded Luxury Farmhouse | Heated Pool & Garden
332,N/A,N/A,N/A,"5 bedrooms5 bedrooms5 beds,  · 5 beds"
333,N/A,N/A,N/A,May 18 – 23May 18 – 23
334,N/A,N/A,N/A,
335,N/A,N/A,N/A,
336,N/A,N/A,N/A,walk to Centaurus private heated room
337,N/A,N/A,N/A,1 queen bed1 queen bed
338,N/A,N/A,N/A,May 1 – 6May 1 – 6
339,N/A,N/A,N/A,
340,N/A,N/A,N/A,
341,N/A,N/A,N/A,Prestige Room By Nexus Residences
342,N/A,N/A,N/A,"1 bedroom1 bedroom3 beds,  · 3 beds"
343,N/A,N/A,N/A,May 1 – 6May 1 – 6
344,N/A,N/A,N/A,
345,N/A,N/A,N/A,
346,N/A,N/A,N/A,MMUK’s 1BHK Executive Suite | Free Netflix |
347,N/A,N/A,N/A,"1 bedroom1 bedroom1 bed,  · 1 bed"
348,N/A,N/A,N/A,May 1 – 6May 1 – 6
349,N/A,N/A,N/A,
350,N/A,N/A,N/A,
351,N/A,N/A,N/A,Eclipse Retreat | 2BHK | E-11/2
352,N/A,N/A,N/A,"2 bedrooms2 bedrooms2 beds,  · 2 beds"
353,N/A,N/A,N/A,May 1 – 6May 1 – 6
354,N/A,N/A,N/A,
355,N/A,N/A,N/A,
356,N/A,N/A,N/A,Slate & Style 1BHK| 20% Off | Luxury |Central&Safe
357,N/A,N/A,N/A,"1 bedroom1 bedroom1 king bed,  · 1 king bed"
358,N/A,N/A,N/A,May 1 – 6May 1 – 6
359,N/A,N/A,N/A,
360,N/A,N/A,N/A,
361,N/A,N/A,N/A,Elysium apartment
362,N/A,N/A,N/A,"2 bedrooms2 bedrooms3 beds,  · 3 beds"
363,N/A,N/A,N/A,May 3 – 8May 3 – 8
364,N/A,N/A,N/A,
365,N/A,N/A,N/A,
366,N/A,N/A,N/A,Luxury Apartment in Islamabad Opposite Centaurus
367,N/A,N/A,N/A,"1 bedroom1 bedroom1 bed,  · 1 bed"
368,N/A,N/A,N/A,May 1 – 6May 1 – 6
369,N/A,N/A,N/A,
370,N/A,N/A,N/A,
371,N/A,N/A,N/A,Cheerful Apartment in a comfy house @ Islamabad 06
372,N/A,N/A,N/A,"1 bedroom1 bedroom1 king bed,  · 1 king bed"
373,N/A,N/A,N/A,May 1 – 6May 1 – 6
374,N/A,N/A,N/A,
375,N/A,N/A,N/A,
376,N/A,N/A,N/A,"""1BR Diplomatic Enclave Apt – 1km from US Embassy"""
377,N/A,N/A,N/A,"1 bedroom1 bedroom1 queen bed,  · 1 queen bed"
378,N/A,N/A,N/A,May 4 – 9May 4 – 9
379,N/A,N/A,N/A,
380,N/A,N/A,N/A,
381,N/A,N/A,N/A,Glamorous Studio in Elysium in-front of Centaurus
382,N/A,N/A,N/A,"1 bedroom1 bedroom1 bed,  · 1 bed"
383,N/A,N/A,N/A,May 1 – 6May 1 – 6
384,N/A,N/A,N/A,
385,N/A,N/A,N/A,
386,N/A,N/A,N/A,Executive and Luxury B&B  @ Central in Islamabad 4
387,N/A,N/A,N/A,1 king bed1 king bed
388,N/A,N/A,N/A,May 1 – 6May 1 – 6
389,N/A,N/A,N/A,
390,N/A,N/A,N/A,
391,N/A,N/A,N/A,Altak’s DEN | 2BHK | Scenic Balcony | Cozy Lounge|
392,N/A,N/A,N/A,"2 bedrooms2 bedrooms2 double beds,  · 2 double beds"
393,N/A,N/A,N/A,May 1 – 6May 1 – 6
394,N/A,N/A,N/A,
395,N/A,N/A,N/A,
396,N/A,N/A,N/A,Cozy Oasis 2.0
397,N/A,N/A,N/A,"1 bedroom1 bedroom1 bed,  · 1 bed"
398,N/A,N/A,N/A,May 1 – 6May 1 – 6
399,N/A,N/A,N/A,
400,N/A,N/A,N/A,
401,N/A,N/A,N/A,Rooftop basic private room F-6/1
402,N/A,N/A,N/A,1 bed1 bed
403,N/A,N/A,N/A,May 17 – 22May 17 – 22
404,N/A,N/A,N/A,
405,N/A,N/A,N/A,
406,N/A,N/A,N/A,Luxury 2Bhk apartment in F11
407,N/A,N/A,N/A,"2 bedrooms2 bedrooms2 beds,  · 2 beds"
408,N/A,N/A,N/A,May 1 – 6May 1 – 6
409,N/A,N/A,N/A,
410,N/A,N/A,N/A,
411,N/A,N/A,N/A,Cozy-bedroom with access to the backyard
412,N/A,N/A,N/A,"1 bedroom1 bedroom1 bed,  · 1 bed"
413,N/A,N/A,N/A,May 1 – 6May 1 – 6
414,N/A,N/A,N/A,
415,N/A,N/A,N/A,
416,N/A,N/A,N/A,Classic 1-Bedroom Apartment with Free Wi-Fi
417,N/A,N/A,N/A,"1 bedroom1 bedroom1 bed,  · 1 bed"
418,N/A,N/A,N/A,May 1 – 6May 1 – 6
419,N/A,N/A,N/A,
420,N/A,N/A,N/A,
421,N/A,N/A,N/A,Luxury 2BHK • Pool Table • Smart TV • Scenic View
422,N/A,N/A,N/A,"2 bedrooms2 bedrooms2 king beds,  · 2 king beds"
423,N/A,N/A,N/A,May 1 – 6May 1 – 6
424,N/A,N/A,N/A,
425,N/A,N/A,N/A,
426,N/A,N/A,N/A,2 BR spacious apartment in the heart of city
427,N/A,N/A,N/A,"2 bedrooms2 bedrooms3 beds,  · 3 beds"
428,N/A,N/A,N/A,May 1 – 6May 1 – 6
429,N/A,N/A,N/A,
430,N/A,N/A,N/A,
431,N/A,N/A,N/A,Aurora Retreat | 1BHK | F-11/1
432,N/A,N/A,N/A,"1 bedroom1 bedroom1 bed,  · 1 bed"
433,N/A,N/A,N/A,May 1 – 6May 1 – 6
434,N/A,N/A,N/A,
435,N/A,N/A,N/A,
436,N/A,N/A,N/A,"A cozy, peaceful place for retreat and adventure."
437,N/A,N/A,N/A,"1 bedroom1 bedroom1 king bed,  · 1 king bed"
438,N/A,N/A,N/A,May 4 – 9May 4 – 9
439,N/A,N/A,N/A,
440,N/A,N/A,N/A,
441,N/A,N/A,N/A,"F 6/1 - Top-Rated 4.99, Private Terrace Suite"
442,N/A,N/A,N/A,"1 bedroom1 bedroom1 queen bed,  · 1 queen bed"
443,N/A,N/A,N/A,May 1 – 6May 1 – 6
444,N/A,N/A,N/A,
445,N/A,N/A,N/A,
446,N/A,N/A,N/A,Aabee Cottage | Khanpur Dam
447,N/A,N/A,N/A,"2 bedrooms2 bedrooms2 beds,  · 2 beds"
448,N/A,N/A,N/A,May 1 – 6May 1 – 6
449,N/A,N/A,N/A,
450,N/A,N/A,N/A,
451,N/A,N/A,N/A,"MisoFusion 1BHK/Suite Apartment 
Netflix - Wi-Fi"
452,N/A,N/A,N/A,"1 bedroom1 bedroom1 bed,  · 1 bed"
453,N/A,N/A,N/A,May 1 – 6May 1 – 6
454,N/A,N/A,N/A,
455,N/A,N/A,N/A,
456,N/A,N/A,N/A,Greek house Mykonos | Lower | 1BR | Heart of Isb
457,N/A,N/A,N/A,"1 bedroom1 bedroom1 bed,  · 1 bed"
458,N/A,N/A,N/A,May 1 – 6May 1 – 6
459,N/A,N/A,N/A,
460,N/A,N/A,N/A,
461,N/A,N/A,N/A,Luxury 1BHK Serviced Apartment | Prime Location
462,N/A,N/A,N/A,"1 bedroom1 bedroom1 bed,  · 1 bed"
463,N/A,N/A,N/A,May 1 – 6May 1 – 6
464,N/A,N/A,N/A,
465,N/A,N/A,N/A,
466,N/A,N/A,N/A,Elegant F-11 Retreat| Steps to Markaz| Fiber WiFi
467,N/A,N/A,N/A,"1 bedroom1 bedroom1 king bed,  · 1 king bed"
468,N/A,N/A,N/A,May 11 – 16May 11 – 16
469,N/A,N/A,N/A,
470,N/A,N/A,N/A,
471,N/A,N/A,N/A,Nuve by Bayti - 1BHK Superior Apt
472,N/A,N/A,N/A,"1 bedroom1 bedroom1 queen bed,  · 1 queen bed"
473,N/A,N/A,N/A,May 25 – 30May 25 – 30
474,N/A,N/A,N/A,
475,N/A,N/A,N/A,
476,N/A,N/A,N/A,Designer 5BR Villa Ground Floor ISB|Noor Residence
477,N/A,N/A,N/A,"5 bedrooms5 bedrooms7 beds,  · 7 beds"
478,N/A,N/A,N/A,May 1 – 6May 1 – 6
479,N/A,N/A,N/A,
480,N/A,N/A,N/A,
481,N/A,N/A,N/A,Cozy vintage-inspired apartment in Islamabad
482,N/A,N/A,N/A,"1 bedroom1 bedroom1 king bed,  · 1 king bed"
483,N/A,N/A,N/A,May 1 – 6May 1 – 6
484,N/A,N/A,N/A,
485,N/A,N/A,N/A,
486,N/A,N/A,N/A,"Modern 1BR | Fast WiFi, Netflix, Kitchen, Parking"
487,N/A,N/A,N/A,"1 bedroom1 bedroom1 king bed,  · 1 king bed"
488,N/A,N/A,N/A,May 1 – 6May 1 – 6
489,N/A,N/A,N/A,
490,N/A,N/A,N/A,
491,N/A,N/A,N/A,Apartment in a Comfy & Cozy House@ Islamabad (007)
492,N/A,N/A,N/A,"1 bedroom1 bedroom1 king bed,  · 1 king bed"
493,N/A,N/A,N/A,May 31 – Jun 5May 31 – Jun 5
494,N/A,N/A,N/A,
495,N/A,N/A,N/A,
496,N/A,N/A,N/A,Classic 1-Bedroom Apartment with Free Wi-Fi
497,N/A,N/A,N/A,"1 bedroom1 bedroom1 bed,  · 1 bed"
498,N/A,N/A,N/A,May 1 – 6May 1 – 6
499,N/A,N/A,N/A,
500,N/A,N/A,N/A,
501,N/A,N/A,N/A,A Comfy Studio Stay – Bahria Town Phase 4
502,N/A,N/A,N/A,"1 bedroom1 bedroom1 queen bed,  · 1 queen bed"
503,N/A,N/A,N/A,May 1 – 6May 1 – 6
504,N/A,N/A,N/A,
505,N/A,N/A,N/A,
506,N/A,N/A,N/A,Guest House Near USA UK And Canada Embassies
507,N/A,N/A,N/A,"1 bedroom1 bedroom1 bed,  · 1 bed"
508,N/A,N/A,N/A,May 1 – 6May 1 – 6
509,N/A,N/A,N/A,
510,N/A,N/A,N/A,
511,N/A,N/A,N/A,OJ Farm-view Suite| Luxury 1BR| 8th floor balcony
512,N/A,N/A,N/A,"1 bedroom1 bedroom1 bed,  · 1 bed"
513,N/A,N/A,N/A,May 1 – 6May 1 – 6
514,N/A,N/A,N/A,
515,N/A,N/A,N/A,
516,N/A,N/A,N/A,A Cozy Studio Stay – Bahria Town Phase 4
517,N/A,N/A,N/A,"1 bedroom1 bedroom1 bed,  · 1 bed"
518,N/A,N/A,N/A,May 1 – 6May 1 – 6
519,N/A,N/A,N/A,
520,N/A,N/A,N/A,
521,N/A,N/A,N/A,Sapphire Oasis
522,N/A,N/A,N/A,"1 bedroom1 bedroom1 bed,  · 1 bed"
523,N/A,N/A,N/A,May 1 – 6May 1 – 6
524,N/A,N/A,N/A,
525,N/A,N/A,N/A,
526,N/A,N/A,N/A,"Elegant 1BHK Apt, Islamabad Airport+ Wi-Fi+Parking"
527,N/A,N/A,N/A,"1 bedroom1 bedroom1 queen bed,  · 1 queen bed"
528,N/A,N/A,N/A,May 1 – 6May 1 – 6
529,N/A,N/A,N/A,
530,N/A,N/A,N/A,
531,N/A,N/A,N/A,Luxury 1 BR| F-11 Main Markaz | Prime Location
532,N/A,N/A,N/A,"1 bedroom1 bedroom1 bed,  · 1 bed"
533,N/A,N/A,N/A,May 1 – 6May 1 – 6
534,N/A,N/A,N/A,
535,N/A,N/A,N/A,
536,N/A,N/A,N/A,Slate & Style 1BHK| 20% Off | Luxury |Central&Safe
537,N/A,N/A,N/A,"1 bedroom1 bedroom1 king bed,  · 1 king bed"
538,N/A,N/A,N/A,May 1 – 6May 1 – 6
539,N/A,N/A,N/A,
540,N/A,N/A,N/A,
541,N/A,N/A,N/A,"Exquisite Rooms F-7 Islamabad, English Home R#101"
542,N/A,N/A,N/A,1 double bed1 double bed
543,N/A,N/A,N/A,May 1 – 6May 1 – 6
544,N/A,N/A,N/A,
545,N/A,N/A,N/A,
546,N/A,N/A,N/A,Forest Hill Penthouse
547,N/A,N/A,N/A,"2 bedrooms2 bedrooms2 king beds,  · 2 king beds"
548,N/A,N/A,N/A,May 1 – 6May 1 – 6
549,N/A,N/A,N/A,
550,N/A,N/A,N/A,
551,N/A,N/A,N/A,Boutique Royal Villa @ Prime location
552,N/A,N/A,N/A,"3 bedrooms3 bedrooms3 beds,  · 3 beds"
553,N/A,N/A,N/A,May 1 – 6May 1 – 6
554,N/A,N/A,N/A,
555,N/A,N/A,N/A,
556,N/A,N/A,N/A,Cozy 2BHK | Self check-in | Free Netflix | Heated
557,N/A,N/A,N/A,"2 bedrooms2 bedrooms2 double beds,  · 2 double beds"
558,N/A,N/A,N/A,May 1 – 6May 1 – 6
559,N/A,N/A,N/A,
560,N/A,N/A,N/A,
561,N/A,N/A,N/A,The Minimalist 2
562,N/A,N/A,N/A,"1 bedroom1 bedroom1 bed,  · 1 bed"
563,N/A,N/A,N/A,May 1 – 6May 1 – 6
564,N/A,N/A,N/A,
565,N/A,N/A,N/A,
566,N/A,N/A,N/A,The Veluna Stay| 2BHK Luxury | SkyPark One
567,N/A,N/A,N/A,"2 bedrooms2 bedrooms2 king beds,  · 2 king beds"
568,N/A,N/A,N/A,May 1 – 6May 1 – 6
569,N/A,N/A,N/A,
570,N/A,N/A,N/A,
571,N/A,N/A,N/A,Large Room w/ Master & Single Bed | F-6 Near Mall
572,N/A,N/A,N/A,"1 bedroom1 bedroom2 beds,  · 2 beds"
573,N/A,N/A,N/A,May 1 – 6May 1 – 6
574,N/A,N/A,N/A,
575,N/A,N/A,N/A,
576,N/A,N/A,N/A,1-BHK Grand Skyline Corner Suite by Walk-Inn
577,N/A,N/A,N/A,"1 bedroom1 bedroom1 king bed,  · 1 king bed"
578,N/A,N/A,N/A,May 2 – 7May 2 – 7
579,N/A,N/A,N/A,
580,N/A,N/A,N/A,
581,N/A,N/A,N/A,Modern 3BR | Family-Friendly • Xbox Entertainment
582,N/A,N/A,N/A,"3 bedrooms3 bedrooms3 king beds,  · 3 king beds"
583,N/A,N/A,N/A,May 1 – 6May 1 – 6
584,N/A,N/A,N/A,
585,N/A,N/A,N/A,
586,N/A,N/A,N/A,Luxury 2 BR Centaurus Residencia | Skyline Views
587,N/A,N/A,N/A,"2 bedrooms2 bedrooms2 king beds,  · 2 king beds"
588,N/A,N/A,N/A,May 1 – 6May 1 – 6
589,N/A,N/A,N/A,
590,N/A,N/A,N/A,
591,N/A,N/A,N/A,2BHK Luxurious Apartment | Executive Heights
592,N/A,N/A,N/A,"2 bedrooms2 bedrooms2 king beds,  · 2 king beds"
593,N/A,N/A,N/A,May 4 – 9May 4 – 9
594,N/A,N/A,N/A,
595,N/A,N/A,N/A,
596,N/A,N/A,N/A,3 Bhk cozy family friendly apartment
597,N/A,N/A,N/A,"3 bedrooms3 bedrooms3 king beds,  · 3 king beds"
598,N/A,N/A,N/A,May 1 – 6May 1 – 6
599,N/A,N/A,N/A,
600,N/A,N/A,N/A,
601,N/A,N/A,N/A,Luxury 1BR | Margalla View | Diplomatic Enclave
602,N/A,N/A,N/A,"1 bedroom1 bedroom1 bed,  · 1 bed"
603,N/A,N/A,N/A,May 1 – 6May 1 – 6
604,N/A,N/A,N/A,
605,N/A,N/A,N/A,
606,N/A,N/A,N/A,Central Views II F-7  Chic Apartment !
607,N/A,N/A,N/A,"2 bedrooms2 bedrooms2 queen beds,  · 2 queen beds"
608,N/A,N/A,N/A,Jun 1 – 6Jun 1 – 6
609,N/A,N/A,N/A,
610,N/A,N/A,N/A,
611,N/A,N/A,N/A,UNA 1 Bed Apt| Family Stay w/Balcony | Central Isb
612,N/A,N/A,N/A,"1 bedroom1 bedroom1 queen bed,  · 1 queen bed"
613,N/A,N/A,N/A,May 1 – 6May 1 – 6
614,N/A,N/A,N/A,
615,N/A,N/A,N/A,
616,N/A,N/A,N/A,Private 1 BHK | Self Check-In | Secure & Central
617,N/A,N/A,N/A,"1 bedroom1 bedroom1 double bed,  · 1 double bed"
618,N/A,N/A,N/A,May 1 – 6May 1 – 6
619,N/A,N/A,N/A,
620,N/A,N/A,N/A,
621,N/A,N/A,N/A,Designer 2-KING Bed Suite (1st Floor)
622,N/A,N/A,N/A,"2 bedrooms2 bedrooms2 king beds,  · 2 king beds"
623,N/A,N/A,N/A,May 1 – 6May 1 – 6
624,N/A,N/A,N/A,
625,N/A,N/A,N/A,
626,N/A,N/A,N/A,Signature 2BHK | Vaulted Series F-7 | Heart of ISB
627,N/A,N/A,N/A,"2 bedrooms2 bedrooms2 beds,  · 2 beds"
628,N/A,N/A,N/A,May 29 – Jun 3May 29 – Jun 3
629,N/A,N/A,N/A,
630,N/A,N/A,N/A,
631,N/A,N/A,N/A,Comfortable Stay | Walking Distance to US Embassy
632,N/A,N/A,N/A,"1 bedroom1 bedroom1 double bed,  · 1 double bed"
633,N/A,N/A,N/A,May 1 – 6May 1 – 6
634,N/A,N/A,N/A,
635,N/A,N/A,N/A,
636,N/A,N/A,N/A,Designer 2bhk | Netflix | Balcony | Fast-WiFi
637,N/A,N/A,N/A,"2 bedrooms2 bedrooms2 beds,  · 2 beds"
638,N/A,N/A,N/A,May 13 – 18May 13 – 18
639,N/A,N/A,N/A,
640,N/A,N/A,N/A,
641,N/A,N/A,N/A,Cozy Oasis: Your Home Away from Home
642,N/A,N/A,N/A,"1 bedroom1 bedroom1 king bed,  · 1 king bed"
643,N/A,N/A,N/A,May 5 – 10May 5 – 10
644,N/A,N/A,N/A,
645,N/A,N/A,N/A,
646,N/A,N/A,N/A,CasaVeedo • Premium 2BHK • Fully Furnished
647,N/A,N/A,N/A,"2 bedrooms2 bedrooms2 beds,  · 2 beds"
648,N/A,N/A,N/A,May 1 – 6May 1 – 6
649,N/A,N/A,N/A,
650,N/A,N/A,N/A,
651,N/A,N/A,N/A,Ek Pent House: Where City Meets Serenity
652,N/A,N/A,N/A,"4 bedrooms4 bedrooms4 beds,  · 4 beds"
653,N/A,N/A,N/A,May 1 – 6May 1 – 6
654,N/A,N/A,N/A,
655,N/A,N/A,N/A,
656,N/A,N/A,N/A,Elegant 2BR | Smart Entry | 8 Mins to Centaurus
657,N/A,N/A,N/A,"2 bedrooms2 bedrooms2 beds,  · 2 beds"
658,N/A,N/A,N/A,May 1 – 6May 1 – 6
659,N/A,N/A,N/A,
660,N/A,N/A,N/A,
661,N/A,N/A,N/A,| The DownTown Den | 1BHK Deluxe Suite | E-11 |
662,N/A,N/A,N/A,"1 bedroom1 bedroom1 bed,  · 1 bed"
663,N/A,N/A,N/A,May 8 – 13May 8 – 13
664,N/A,N/A,N/A,
665,N/A,N/A,N/A,
666,N/A,N/A,N/A,Alina's Signature Stay
667,N/A,N/A,N/A,"3 bedrooms3 bedrooms4 beds,  · 4 beds"
668,N/A,N/A,N/A,May 1 – 6May 1 – 6
669,N/A,N/A,N/A,
670,N/A,N/A,N/A,
671,N/A,N/A,N/A,Horizon Serene Heights
672,N/A,N/A,N/A,"1 bedroom1 bedroom1 bed,  · 1 bed"
673,N/A,N/A,N/A,May 1 – 6May 1 – 6
674,N/A,N/A,N/A,
675,N/A,N/A,N/A,
676,N/A,N/A,N/A,Refined Luxury 1BHK Suite| Stylish & Serene
677,N/A,N/A,N/A,"1 bedroom1 bedroom1 bed,  · 1 bed"
678,N/A,N/A,N/A,May 1 – 6May 1 – 6
679,N/A,N/A,N/A,
680,N/A,N/A,N/A,
681,N/A,N/A,N/A,Luxurious furnished Portion Available For Rent
682,N/A,N/A,N/A,"3 bedrooms3 bedrooms3 beds,  · 3 beds"
683,N/A,N/A,N/A,May 1 – 6May 1 – 6
684,N/A,N/A,N/A,
685,N/A,N/A,N/A,
686,N/A,N/A,N/A,Executive Heights 2.0 | 2BHK
687,N/A,N/A,N/A,"2 bedrooms2 bedrooms2 king beds,  · 2 king beds"
688,N/A,N/A,N/A,May 1 – 6May 1 – 6
689,N/A,N/A,N/A,
690,N/A,N/A,N/A,
691,N/A,N/A,N/A,"Private Room with Attached Bath, Central Islamabad"
692,N/A,N/A,N/A,"1 bedroom1 bedroom1 bed,  · 1 bed"
693,N/A,N/A,N/A,May 1 – 6May 1 – 6
694,N/A,N/A,N/A,
695,N/A,N/A,N/A,
696,N/A,N/A,N/A,Amber wood Residence By Luxurious Landing
697,N/A,N/A,N/A,"2 bedrooms2 bedrooms2 beds,  · 2 beds"
698,N/A,N/A,N/A,May 1 – 6May 1 – 6
699,N/A,N/A,N/A,
700,N/A,N/A,N/A,
701,N/A,N/A,N/A,Sofital Hotel Islamabad - Central Luxury Stay
702,N/A,N/A,N/A,"10 bedrooms10 bedrooms10 beds,  · 10 beds"
703,N/A,N/A,N/A,May 1 – 6May 1 – 6
704,N/A,N/A,N/A,
705,N/A,N/A,N/A,
706,N/A,N/A,N/A,| The Midnight Loft | 3BHK Deluxe Suite | E-11
707,N/A,N/A,N/A,"3 bedrooms3 bedrooms3 beds,  · 3 beds"
708,N/A,N/A,N/A,May 1 – 6May 1 – 6
709,N/A,N/A,N/A,
710,N/A,N/A,N/A,
711,N/A,N/A,N/A,Cheerful & comfy B&B @ Luxury House@ Islamabad 05
712,N/A,N/A,N/A,1 king bed1 king bed
713,N/A,N/A,N/A,May 1 – 6May 1 – 6
714,N/A,N/A,N/A,
715,N/A,N/A,N/A,
716,N/A,N/A,N/A,1BHK in Centaurus with stunning Margalla view
717,N/A,N/A,N/A,"1 bedroom1 bedroom1 bed,  · 1 bed"
718,N/A,N/A,N/A,May 14 – 19May 14 – 19
719,N/A,N/A,N/A,
720,N/A,N/A,N/A,
721,N/A,N/A,N/A,Private Oasis in H13
722,N/A,N/A,N/A,"1 bedroom1 bedroom1 bed,  · 1 bed"
723,N/A,N/A,N/A,May 1 – 6May 1 – 6
724,N/A,N/A,N/A,
725,N/A,N/A,N/A,
726,N/A,N/A,N/A,Private Cozy room in G10 |Fast WiFi with Netflix
727,N/A,N/A,N/A,1 king bed1 king bed
728,N/A,N/A,N/A,May 1 – 6May 1 – 6
729,N/A,N/A,N/A,
730,N/A,N/A,N/A,
731,N/A,N/A,N/A,VILLA 4BHK| Lawn| Park View| Sunroom| ISB Central
732,N/A,N/A,N/A,"4 bedrooms4 bedrooms4 beds,  · 4 beds"
733,N/A,N/A,N/A,May 1 – 6May 1 – 6
734,N/A,N/A,N/A,
735,N/A,N/A,N/A,
736,N/A,N/A,N/A,Elite Family Peaceful Stays - Mountains View
737,N/A,N/A,N/A,"1 bedroom1 bedroom1 king bed,  · 1 king bed"
738,N/A,N/A,N/A,May 1 – 6May 1 – 6
739,N/A,N/A,N/A,
740,N/A,N/A,N/A,
741,N/A,N/A,N/A,Prime double En-Suite - By Nexus Residences
742,N/A,N/A,N/A,1 queen bed1 queen bed
743,N/A,N/A,N/A,May 1 – 6May 1 – 6
744,N/A,N/A,N/A,
745,N/A,N/A,N/A,
746,N/A,N/A,N/A,Central Views F-7 Spacious ! Private Garden
747,N/A,N/A,N/A,"2 bedrooms2 bedrooms3 beds,  · 3 beds"
748,N/A,N/A,N/A,May 18 – 23May 18 – 23
749,N/A,N/A,N/A,
750,N/A,N/A,N/A,
751,N/A,N/A,N/A,Superior Family Room Centrally Located
752,N/A,N/A,N/A,"1 bedroom1 bedroom2 beds,  · 2 beds"
753,N/A,N/A,N/A,May 1 – 6May 1 – 6
754,N/A,N/A,N/A,
755,N/A,N/A,N/A,
756,N/A,N/A,N/A,"Exquisite Rooms F-7 Islamabad, English Home R#105"
757,N/A,N/A,N/A,2 double beds2 double beds
758,N/A,N/A,N/A,May 1 – 6May 1 – 6
759,N/A,N/A,N/A,
760,N/A,N/A,N/A,
761,N/A,N/A,N/A,Stylish 1BHK+Workspace|Infinity Pool+WiFi&Parking.
762,N/A,N/A,N/A,"1 bedroom1 bedroom1 king bed,  · 1 king bed"
763,N/A,N/A,N/A,May 1 – 6May 1 – 6
764,N/A,N/A,N/A,
765,N/A,N/A,N/A,
766,N/A,N/A,N/A,Designer 2BHK Suite | 3300 sqft home | Central ISB
767,N/A,N/A,N/A,"2 bedrooms2 bedrooms2 king beds,  · 2 king beds"
768,N/A,N/A,N/A,May 5 – 10May 5 – 10
769,N/A,N/A,N/A,
770,N/A,N/A,N/A,
771,N/A,N/A,N/A,Self check-in Private Studio Apartment in I-8
772,N/A,N/A,N/A,"1 bedroom1 bedroom1 bed,  · 1 bed"
773,N/A,N/A,N/A,May 1 – 6May 1 – 6
774,N/A,N/A,N/A,
775,N/A,N/A,N/A,
776,N/A,N/A,N/A,Luxury 2 BR Netflix Wi-Fi Gym & Restaurant below
777,N/A,N/A,N/A,"2 bedrooms2 bedrooms2 beds,  · 2 beds"
778,N/A,N/A,N/A,May 1 – 6May 1 – 6
779,N/A,N/A,N/A,
780,N/A,N/A,N/A,
781,N/A,N/A,N/A,A Cozy Studio Stay – Bahria Town Phase 4
782,N/A,N/A,N/A,"1 bedroom1 bedroom1 bed,  · 1 bed"
783,N/A,N/A,N/A,May 1 – 6May 1 – 6
784,N/A,N/A,N/A,
785,N/A,N/A,N/A,
786,N/A,N/A,N/A,Flamingo Grand Apartments
787,N/A,N/A,N/A,"3 bedrooms3 bedrooms3 beds,  · 3 beds"
788,N/A,N/A,N/A,May 14 – 19May 14 – 19
789,N/A,N/A,N/A,
790,N/A,N/A,N/A,
791,N/A,N/A,N/A,Nuvé by Bayti
792,N/A,N/A,N/A,"1 bedroom1 bedroom1 bed,  · 1 bed"
793,N/A,N/A,N/A,May 3 – 8May 3 – 8
794,N/A,N/A,N/A,
795,N/A,N/A,N/A,
796,N/A,N/A,N/A,"Luxury & Family Rooms, WiFi, Free Parking"
797,N/A,N/A,N/A,1 bed1 bed
798,N/A,N/A,N/A,May 1 – 6May 1 – 6
799,N/A,N/A,N/A,
800,N/A,N/A,N/A,
801,N/A,N/A,N/A,Rk 2 bhk
802,N/A,N/A,N/A,"2 bedrooms2 bedrooms2 king beds,  · 2 king beds"
803,N/A,N/A,N/A,May 1 – 6May 1 – 6
804,N/A,N/A,N/A,
805,N/A,N/A,N/A,
806,N/A,N/A,N/A,"Nomora | Luxury Studio Apartment, Bahria Enclave"
807,N/A,N/A,N/A,"1 bedroom1 bedroom1 king bed,  · 1 king bed"
808,N/A,N/A,N/A,May 1 – 6May 1 – 6
809,N/A,N/A,N/A,
810,N/A,N/A,N/A,
811,N/A,N/A,N/A,Family-Friendly 3-BR Apartment | Always Sanitized
812,N/A,N/A,N/A,"3 bedrooms3 bedrooms3 king beds,  · 3 king beds"
813,N/A,N/A,N/A,May 1 – 6May 1 – 6
814,N/A,N/A,N/A,
815,N/A,N/A,N/A,
816,N/A,N/A,N/A,Regal Oasis
817,N/A,N/A,N/A,"1 bedroom1 bedroom1 bed,  · 1 bed"
818,N/A,N/A,N/A,May 1 – 6May 1 – 6
819,N/A,N/A,N/A,
820,N/A,N/A,N/A,
821,N/A,N/A,N/A,Modern executive room | Fast wifi | Shamsabad.
822,N/A,N/A,N/A,"1 bedroom1 bedroom2 beds,  · 2 beds"
823,N/A,N/A,N/A,May 1 – 6May 1 – 6
824,N/A,N/A,N/A,
825,N/A,N/A,N/A,
826,N/A,N/A,N/A,Greek house Mykonos | Upper | 3BR | Heart of Isb
827,N/A,N/A,N/A,"3 bedrooms3 bedrooms4 beds,  · 4 beds"
828,N/A,N/A,N/A,May 6 – 11May 6 – 11
829,N/A,N/A,N/A,
830,N/A,N/A,N/A,
831,N/A,N/A,N/A,Luxury Apartment 1BHK
832,N/A,N/A,N/A,"1 bedroom1 bedroom1 bed,  · 1 bed"
833,N/A,N/A,N/A,May 1 – 6May 1 – 6
834,N/A,N/A,N/A,
835,N/A,N/A,N/A,
836,N/A,N/A,N/A,Guest House Near USA UK And Canada Embassies
837,N/A,N/A,N/A,"1 bedroom1 bedroom1 bed,  · 1 bed"
838,N/A,N/A,N/A,May 1 – 6May 1 – 6
839,N/A,N/A,N/A,
840,N/A,N/A,N/A,
841,N/A,N/A,N/A,Designer 2BHK Suite | Spacious 12 Marla Home | ISB
842,N/A,N/A,N/A,"2 bedrooms2 bedrooms3 beds,  · 3 beds"
843,N/A,N/A,N/A,May 1 – 6May 1 – 6
844,N/A,N/A,N/A,
845,N/A,N/A,N/A,
846,N/A,N/A,N/A,A Deluxe Studio Stay - Bahria Town Phase 4
847,N/A,N/A,N/A,"1 bedroom1 bedroom1 bed,  · 1 bed"
848,N/A,N/A,N/A,May 1 – 6May 1 – 6
849,N/A,N/A,N/A,
850,N/A,N/A,N/A,
851,N/A,N/A,N/A,Luxorèa Retreat 1bed Studio Apt (Isb Int Airport)
852,N/A,N/A,N/A,"1 bedroom1 bedroom1 bed,  · 1 bed"
853,N/A,N/A,N/A,May 1 – 6May 1 – 6
854,N/A,N/A,N/A,
855,N/A,N/A,N/A,
856,N/A,N/A,N/A,Luxury King size 5-Bed Guest House w/Pool & Garden
857,N/A,N/A,N/A,"5 bedrooms5 bedrooms6 beds,  · 6 beds"
858,N/A,N/A,N/A,May 1 – 6May 1 – 6
859,N/A,N/A,N/A,
860,N/A,N/A,N/A,
861,N/A,N/A,N/A,Cozy den | Walking distance to US embassy.
862,N/A,N/A,N/A,"1 bedroom1 bedroom1 bed,  · 1 bed"
863,N/A,N/A,N/A,May 1 – 6May 1 – 6
864,N/A,N/A,N/A,
865,N/A,N/A,N/A,
866,N/A,N/A,N/A,"MisoFusion 1BHK/Suite Apartment 
Netflix - Wi-Fi"
867,N/A,N/A,N/A,"1 bedroom1 bedroom1 bed,  · 1 bed"
868,N/A,N/A,N/A,May 1 – 6May 1 – 6
869,N/A,N/A,N/A,
870,N/A,N/A,N/A,
871,N/A,N/A,N/A,HK Retreat | Luxurious Apartment Faisal Town Isb
872,N/A,N/A,N/A,"1 bedroom1 bedroom1 bed,  · 1 bed"
873,N/A,N/A,N/A,May 1 – 6May 1 – 6
874,N/A,N/A,N/A,
875,N/A,N/A,N/A,
876,N/A,N/A,N/A,Cozy 3BHK Apartment | Executive Heights
877,N/A,N/A,N/A,"3 bedrooms3 bedrooms3 beds,  · 3 beds"
878,N/A,N/A,N/A,May 1 – 6May 1 – 6
879,N/A,N/A,N/A,
880,N/A,N/A,N/A,
881,N/A,N/A,N/A,Safest Studio | TKR4 | Pavilion99 Bahria phase 4
882,N/A,N/A,N/A,"1 bedroom1 bedroom1 bed,  · 1 bed"
883,N/A,N/A,N/A,May 1 – 6May 1 – 6
884,N/A,N/A,N/A,
885,N/A,N/A,N/A,
886,N/A,N/A,N/A,Miso Suite 2.0 / Netflix-Cenima Room Free Wi-Fi
887,N/A,N/A,N/A,"1 bedroom1 bedroom1 bed,  · 1 bed"
888,N/A,N/A,N/A,May 1 – 6May 1 – 6
889,N/A,N/A,N/A,
890,N/A,N/A,N/A,
891,N/A,N/A,N/A,Mosswood Retreat | 2BHK | E-11/3
892,N/A,N/A,N/A,"2 bedrooms2 bedrooms2 beds,  · 2 beds"
893,N/A,N/A,N/A,May 1 – 6May 1 – 6
894,N/A,N/A,N/A,
895,N/A,N/A,N/A,
896,N/A,N/A,N/A,Designer1BHKSuite|Rooftop Pool|Giga Facing Balcony
897,N/A,N/A,N/A,"1 bedroom1 bedroom1 king bed,  · 1 king bed"
898,N/A,N/A,N/A,May 6 – 11May 6 – 11
899,N/A,N/A,N/A,
900,N/A,N/A,N/A,
901,N/A,N/A,N/A,1 Bedroom | Rooftop pool & gym | Central | Kazani
902,N/A,N/A,N/A,"1 bedroom1 bedroom1 king bed,  · 1 king bed"
903,N/A,N/A,N/A,May 1 – 6May 1 – 6
904,N/A,N/A,N/A,
905,N/A,N/A,N/A,
906,N/A,N/A,N/A,Premium Studio at The Holton Stays by Bayti
907,N/A,N/A,N/A,"1 bedroom1 bedroom1 king bed,  · 1 king bed"
908,N/A,N/A,N/A,May 3 – 8May 3 – 8
909,N/A,N/A,N/A,
910,N/A,N/A,N/A,
911,N/A,N/A,N/A,Royal Suits Rawalpindi 1BHK
912,N/A,N/A,N/A,"1 bedroom1 bedroom1 bed,  · 1 bed"
913,N/A,N/A,N/A,May 1 – 6May 1 – 6
914,N/A,N/A,N/A,
915,N/A,N/A,N/A,
916,N/A,N/A,N/A,Room in Quiet Aesthetic House in F8 Islamabad
917,N/A,N/A,N/A,"6 bedrooms6 bedrooms6 beds,  · 6 beds"
918,N/A,N/A,N/A,May 1 – 6May 1 – 6
919,N/A,N/A,N/A,
920,N/A,N/A,N/A,
921,N/A,N/A,N/A,| MMUK Executive 2BHK | Self Check-In |
922,N/A,N/A,N/A,"2 bedrooms2 bedrooms2 beds,  · 2 beds"
923,N/A,N/A,N/A,May 1 – 6May 1 – 6
924,N/A,N/A,N/A,
925,N/A,N/A,N/A,
926,N/A,N/A,N/A,Cozy vintage-inspired apartment in Islamabad
927,N/A,N/A,N/A,"1 bedroom1 bedroom1 king bed,  · 1 king bed"
928,N/A,N/A,N/A,May 1 – 6May 1 – 6
929,N/A,N/A,N/A,
930,N/A,N/A,N/A,
931,N/A,N/A,N/A,Quiet Family Room | E11 | Wi-Fi + Parking + roof
932,N/A,N/A,N/A,"1 bedroom1 bedroom2 beds,  · 2 beds"
933,N/A,N/A,N/A,May 1 – 6May 1 – 6
934,N/A,N/A,N/A,
935,N/A,N/A,N/A,
936,N/A,N/A,N/A,Luxury 3BHK Apartment F-18 | Near Airport | Isb
937,N/A,N/A,N/A,"3 bedrooms3 bedrooms4 beds,  · 4 beds"
938,N/A,N/A,N/A,May 3 – 8May 3 – 8
939,N/A,N/A,N/A,
940,N/A,N/A,N/A,
941,N/A,N/A,N/A,Spacious 5BR Villa •Sleeps 15•Family & Groups•F-11
942,N/A,N/A,N/A,"5 bedrooms5 bedrooms5 beds,  · 5 beds"
943,N/A,N/A,N/A,May 3 – 8May 3 – 8
944,N/A,N/A,N/A,
945,N/A,N/A,N/A,
946,N/A,N/A,N/A,"The Warmer Apartment 1, Islamabad"
947,N/A,N/A,N/A,1 king bed1 king bed
948,N/A,N/A,N/A,May 1 – 6May 1 – 6
949,N/A,N/A,N/A,
950,N/A,N/A,N/A,
951,N/A,N/A,N/A,"VelourLodge | 1BHK,Netlflix |Pool, Gym&Suana | ISB"
952,N/A,N/A,N/A,"1 bedroom1 bedroom1 king bed,  · 1 king bed"
953,N/A,N/A,N/A,May 1 – 6May 1 – 6
954,N/A,N/A,N/A,
955,N/A,N/A,N/A,
956,N/A,N/A,N/A,Luxury Triplet Room - By Nexus Residences
957,N/A,N/A,N/A,2 beds2 beds
958,N/A,N/A,N/A,May 1 – 6May 1 – 6
959,N/A,N/A,N/A,
960,N/A,N/A,N/A,
961,N/A,N/A,N/A,Yellow Gray Comfort| Hot Water/Heater
962,N/A,N/A,N/A,"1 bedroom1 bedroom1 queen bed,  · 1 queen bed"
963,N/A,N/A,N/A,May 1 – 6May 1 – 6
964,N/A,N/A,N/A,
965,N/A,N/A,N/A,
966,N/A,N/A,N/A,Best house in town 2
967,N/A,N/A,N/A,"3 bedrooms3 bedrooms6 beds,  · 6 beds"
968,N/A,N/A,N/A,May 1 – 6May 1 – 6
969,N/A,N/A,N/A,
970,N/A,N/A,N/A,
971,N/A,N/A,N/A,Entire Rental Unit in F-8/1 Islamabad.
972,N/A,N/A,N/A,"4 bedrooms4 bedrooms6 beds,  · 6 beds"
973,N/A,N/A,N/A,May 1 – 6May 1 – 6
974,N/A,N/A,N/A,
975,N/A,N/A,N/A,
976,N/A,N/A,N/A,Private Double Room with Attached Bath | Central
977,N/A,N/A,N/A,"1 bedroom1 bedroom1 bed,  · 1 bed"
978,N/A,N/A,N/A,May 1 – 6May 1 – 6
979,N/A,N/A,N/A,
980,N/A,N/A,N/A,
981,N/A,N/A,N/A,The Crown suite 5
982,N/A,N/A,N/A,"2 bedrooms2 bedrooms2 beds,  · 2 beds"
983,N/A,N/A,N/A,May 1 – 6May 1 – 6
984,N/A,N/A,N/A,
985,N/A,N/A,N/A,
986,N/A,N/A,N/A,Guesthouse Rooms in G-6|Breakfast|Near G-6 Markaz
987,N/A,N/A,N/A,"9 bedrooms9 bedrooms20 beds,  · 20 beds"
988,N/A,N/A,N/A,May 1 – 6May 1 – 6
989,N/A,N/A,N/A,
990,N/A,N/A,N/A,
991,N/A,N/A,N/A,A Cozy Studio Escape – Bahria Town Phase 4
992,N/A,N/A,N/A,"1 bedroom1 bedroom1 king bed,  · 1 king bed"
993,N/A,N/A,N/A,May 1 – 6May 1 – 6
994,N/A,N/A,N/A,
995,N/A,N/A,N/A,
996,N/A,N/A,N/A,A Modern Penthouse Retreat 1BHK- DHA Phase 2 Isb
997,N/A,N/A,N/A,"1 bedroom1 bedroom1 king bed,  · 1 king bed"
998,N/A,N/A,N/A,May 2 – 7May 2 – 7
999,N/A,N/A,N/A,
1000,N/A,N/A,N/A,
1001,N/A,N/A,N/A,Nook House - Bani Gala
1002,N/A,N/A,N/A,1 king bed1 king bed
1003,N/A,N/A,N/A,May 1 – 6May 1 – 6
1004,N/A,N/A,N/A,
1005,N/A,N/A,N/A,
1006,N/A,N/A,N/A,1 bed Apart-Netflix-Self-checkin
1007,N/A,N/A,N/A,"1 bedroom1 bedroom1 bed,  · 1 bed"
1008,N/A,N/A,N/A,Aug 1 – 6Aug 1 – 6
1009,N/A,N/A,N/A,
1010,N/A,N/A,N/A,
1011,N/A,N/A,N/A,Newly Furnished Modern Studio | Comfort & Style
1012,N/A,N/A,N/A,"1 bedroom1 bedroom1 king bed,  · 1 king bed"
1013,N/A,N/A,N/A,May 1 – 6May 1 – 6
1014,N/A,N/A,N/A,
1015,N/A,N/A,N/A,
1016,N/A,N/A,N/A,The Cozy Getaway - Your home away from home.
1017,N/A,N/A,N/A,"1 bedroom1 bedroom1 bed,  · 1 bed"
1018,N/A,N/A,N/A,May 1 – 6May 1 – 6
1019,N/A,N/A,N/A,
1020,N/A,N/A,N/A,
1021,N/A,N/A,N/A,2-BHK Ambassador Suite by Walk-Inn
1022,N/A,N/A,N/A,"2 bedrooms2 bedrooms2 beds,  · 2 beds"
1023,N/A,N/A,N/A,May 31 – Jun 5May 31 – Jun 5
1024,N/A,N/A,N/A,
1025,N/A,N/A,N/A,
1026,N/A,N/A,N/A,"The Azure Suite | Spacious Lounge, Netflix & Wifi"
1027,N/A,N/A,N/A,"1 bedroom1 bedroom1 king bed,  · 1 king bed"
1028,N/A,N/A,N/A,May 1 – 6May 1 – 6
1029,N/A,N/A,N/A,
1030,N/A,N/A,N/A,
1031,N/A,N/A,N/A,1BR Eiffel View
1032,N/A,N/A,N/A,"1 bedroom1 bedroom1 bed,  · 1 bed"
1033,N/A,N/A,N/A,May 1 – 6May 1 – 6
1034,N/A,N/A,N/A,
1035,N/A,N/A,N/A,
1036,N/A,N/A,N/A,Cozy Safe Family Stay near GTroad Giga WIFI+AC
1037,N/A,N/A,N/A,"1 bedroom1 bedroom1 king bed,  · 1 king bed"
1038,N/A,N/A,N/A,May 1 – 6May 1 – 6
1039,N/A,N/A,N/A,
1040,N/A,N/A,N/A,
1041,N/A,N/A,N/A,The Penthouse - 2BHK
1042,N/A,N/A,N/A,"2 bedrooms2 bedrooms2 king beds,  · 2 king beds"
1043,N/A,N/A,N/A,May 1 – 6May 1 – 6
1044,N/A,N/A,N/A,
1045,N/A,N/A,N/A,
1046,N/A,N/A,N/A,Modern Luxe Apartment with Stylish Black Interio
1047,N/A,N/A,N/A,"1 bedroom1 bedroom1 bed,  · 1 bed"
1048,N/A,N/A,N/A,May 1 – 6May 1 – 6
1049,N/A,N/A,N/A,
1050,N/A,N/A,N/A,
1051,N/A,N/A,N/A,Executive Heights 2.0 | 2BHK
1052,N/A,N/A,N/A,"2 bedrooms2 bedrooms2 king beds,  · 2 king beds"
1053,N/A,N/A,N/A,May 1 – 6May 1 – 6
1054,N/A,N/A,N/A,
1055,N/A,N/A,N/A,
1056,N/A,N/A,N/A,Sitara Bed Room
1057,N/A,N/A,N/A,"1 bedroom1 bedroom1 bed,  · 1 bed"
1058,N/A,N/A,N/A,May 1 – 6May 1 – 6
1059,N/A,N/A,N/A,
1060,N/A,N/A,N/A,
1061,N/A,N/A,N/A,Cube Nest/ 1BHK Central Bahria Enclave Islamabad
1062,N/A,N/A,N/A,"1 bedroom1 bedroom1 bed,  · 1 bed"
1063,N/A,N/A,N/A,May 1 – 6May 1 – 6
1064,N/A,N/A,N/A,
1065,N/A,N/A,N/A,
1066,N/A,N/A,N/A,The Bliss Central Suite II King Beds Elysium Tower
1067,N/A,N/A,N/A,"2 bedrooms2 bedrooms2 beds,  · 2 beds"
1068,N/A,N/A,N/A,May 1 – 6May 1 – 6
1069,N/A,N/A,N/A,
1070,N/A,N/A,N/A,
1071,N/A,N/A,N/A,A Deluxe Studio Stay - Bahria Town Phase 4
1072,N/A,N/A,N/A,"1 bedroom1 bedroom1 bed,  · 1 bed"
1073,N/A,N/A,N/A,May 1 – 6May 1 – 6
1074,N/A,N/A,N/A,
1075,N/A,N/A,N/A,
1076,N/A,N/A,N/A,Luxury Family Stay | Entire 2 Story Indp Ful Villa
1077,N/A,N/A,N/A,"3 bedrooms3 bedrooms3 king beds,  · 3 king beds"
1078,N/A,N/A,N/A,May 17 – 22May 17 – 22
1079,N/A,N/A,N/A,
1080,N/A,N/A,N/A,
1081,N/A,N/A,N/A,Centaurus Luxury Apt | Pool | Gym | Skyline Views
1082,N/A,N/A,N/A,"2 bedrooms2 bedrooms2 beds,  · 2 beds"
1083,N/A,N/A,N/A,May 1 – 6May 1 – 6
1084,N/A,N/A,N/A,
1085,N/A,N/A,N/A,
1086,N/A,N/A,N/A,Elegant Luxury 3BR Modern Apartment in Islamabad
1087,N/A,N/A,N/A,"3 bedrooms3 bedrooms3 beds,  · 3 beds"
1088,N/A,N/A,N/A,May 1 – 6May 1 – 6
1089,N/A,N/A,N/A,
1090,N/A,N/A,N/A,
1091,N/A,N/A,N/A,Cozy 2 Bedroom Stay - Spacious Rooms & Parking
1092,N/A,N/A,N/A,"2 bedrooms2 bedrooms2 king beds,  · 2 king beds"
1093,N/A,N/A,N/A,May 1 – 6May 1 – 6
1094,N/A,N/A,N/A,
1095,N/A,N/A,N/A,
1096,N/A,N/A,N/A,Luxury Family Stay | Entire 2 Story Indp Ful Villa
1097,N/A,N/A,N/A,"3 bedrooms3 bedrooms3 king beds,  · 3 king beds"
1098,N/A,N/A,N/A,May 17 – 22May 17 – 22
1099,N/A,N/A,N/A,
1100,N/A,N/A,N/A,
1101,N/A,N/A,N/A,Eden 4
1102,N/A,N/A,N/A,"1 bedroom1 bedroom1 bed,  · 1 bed"
1103,N/A,N/A,N/A,May 1 – 6May 1 – 6
1104,N/A,N/A,N/A,
1105,N/A,N/A,N/A,
1106,N/A,N/A,N/A,Private and calm AC studio Apartment
1107,N/A,N/A,N/A,"1 bedroom1 bedroom1 king bed,  · 1 king bed"
1108,N/A,N/A,N/A,May 1 – 6May 1 – 6
1109,N/A,N/A,N/A,
1110,N/A,N/A,N/A,
1111,N/A,N/A,N/A,The Layover | Studio near ISB Airport & Motorway
1112,N/A,N/A,N/A,"1 bedroom1 bedroom1 double bed,  · 1 double bed"
1113,N/A,N/A,N/A,May 1 – 6May 1 – 6
1114,N/A,N/A,N/A,
1115,N/A,N/A,N/A,
1116,N/A,N/A,N/A,Farm house for rent
1117,N/A,N/A,N/A,"2 bedrooms2 bedrooms4 beds,  · 4 beds"
1118,N/A,N/A,N/A,May 1 – 6May 1 – 6
1119,N/A,N/A,N/A,
1120,N/A,N/A,N/A,
1121,N/A,N/A,N/A,"""Skypark Gulberg: 6th Floor, 2-Bed, New & Clean """
1122,N/A,N/A,N/A,"2 bedrooms2 bedrooms2 beds,  · 2 beds"
1123,N/A,N/A,N/A,May 1 – 6May 1 – 6
1124,N/A,N/A,N/A,
1125,N/A,N/A,N/A,
1126,N/A,N/A,N/A,Guest House E-7 Sector Islamabad
1127,N/A,N/A,N/A,"1 bedroom1 bedroom1 bed,  · 1 bed"
1128,N/A,N/A,N/A,May 1 – 6May 1 – 6
1129,N/A,N/A,N/A,
1130,N/A,N/A,N/A,
1131,N/A,N/A,N/A,1 Luxury Bedroom in Executive Residency
1132,N/A,N/A,N/A,"1 bedroom1 bedroom1 bed,  · 1 bed"
1133,N/A,N/A,N/A,May 3 – 8May 3 – 8
1134,N/A,N/A,N/A,
1135,N/A,N/A,N/A,
1136,N/A,N/A,N/A,ZaxisHome-3
1137,N/A,N/A,N/A,"1 bedroom1 bedroom1 bed,  · 1 bed"
1138,N/A,N/A,N/A,May 1 – 6May 1 – 6
1139,N/A,N/A,N/A,
1140,N/A,N/A,N/A,
1141,N/A,N/A,N/A,Modern Studio |Top city 1 | Near Isb Airport|
1142,N/A,N/A,N/A,"1 bedroom1 bedroom1 bed,  · 1 bed"
1143,N/A,N/A,N/A,May 1 – 6May 1 – 6
1144,N/A,N/A,N/A,
1145,N/A,N/A,N/A,
1146,N/A,N/A,N/A,Best for Couples Clean Room
1147,N/A,N/A,N/A,"1 bedroom1 bedroom1 bed,  · 1 bed"
1148,N/A,N/A,N/A,May 1 – 6May 1 – 6
1149,N/A,N/A,N/A,
1150,N/A,N/A,N/A,
1151,N/A,N/A,N/A,Luxury 1 BR| F-11 Main Markaz | Prime Location
1152,N/A,N/A,N/A,"1 bedroom1 bedroom1 bed,  · 1 bed"
1153,N/A,N/A,N/A,May 1 – 6May 1 – 6
1154,N/A,N/A,N/A,
1155,N/A,N/A,N/A,
1156,N/A,N/A,N/A,Spacious Family Suite in Central Islamabad G9
1157,N/A,N/A,N/A,"1 bedroom1 bedroom4 beds,  · 4 beds"
1158,N/A,N/A,N/A,May 1 – 6May 1 – 6
1159,N/A,N/A,N/A,
1160,N/A,N/A,N/A,
1161,N/A,N/A,N/A,"Little Retreats
By SZK"
1162,N/A,N/A,N/A,"1 bedroom1 bedroom1 bed,  · 1 bed"
1163,N/A,N/A,N/A,May 1 – 6May 1 – 6
1164,N/A,N/A,N/A,
1165,N/A,N/A,N/A,
1166,N/A,N/A,N/A,"Modern 1BR | Fast WiFi, Netflix, Kitchen, Parking"
1167,N/A,N/A,N/A,"1 bedroom1 bedroom1 king bed,  · 1 king bed"
1168,N/A,N/A,N/A,May 1 – 6May 1 – 6
1169,N/A,N/A,N/A,
1170,N/A,N/A,N/A,
1171,N/A,N/A,N/A,Blue Nest 3
1172,N/A,N/A,N/A,"1 bedroom1 bedroom1 king bed,  · 1 king bed"
1173,N/A,N/A,N/A,May 1 – 6May 1 – 6
1174,N/A,N/A,N/A,
1175,N/A,N/A,N/A,
1176,N/A,N/A,N/A,Beige suite 1
1177,N/A,N/A,N/A,"1 bedroom1 bedroom1 double bed,  · 1 double bed"
1178,N/A,N/A,N/A,May 1 – 6May 1 – 6
1179,N/A,N/A,N/A,
1180,N/A,N/A,N/A,
1181,N/A,N/A,N/A,"Moonlight II | 1BHK|Sauna, Pool, Gymnasium"
1182,N/A,N/A,N/A,"1 bedroom1 bedroom1 king bed,  · 1 king bed"
1183,N/A,N/A,N/A,May 1 – 6May 1 – 6
1184,N/A,N/A,N/A,
1185,N/A,N/A,N/A,
1186,N/A,N/A,N/A,The Golden retreat
1187,N/A,N/A,N/A,1 bed1 bed
1188,N/A,N/A,N/A,May 1 – 6May 1 – 6
1189,N/A,N/A,N/A,
1190,N/A,N/A,N/A,
1191,N/A,N/A,N/A,The Innovators 2BR | Premium Stay in Elysium Tower
1192,N/A,N/A,N/A,"2 bedrooms2 bedrooms2 beds,  · 2 beds"
1193,N/A,N/A,N/A,May 1 – 6May 1 – 6
1194,N/A,N/A,N/A,
1195,N/A,N/A,N/A,
1196,N/A,N/A,N/A,Woody themed minimalist 1BHK Netflix-Wifi-Heat 303
1197,N/A,N/A,N/A,"1 bedroom1 bedroom1 bed,  · 1 bed"
1198,N/A,N/A,N/A,May 1 – 6May 1 – 6
1199,N/A,N/A,N/A,
1200,N/A,N/A,N/A,
1201,N/A,N/A,N/A,Luxury Apartment - Self Check-in / Bahria Phase 7.
1202,N/A,N/A,N/A,"1 bedroom1 bedroom1 king bed,  · 1 king bed"
1203,N/A,N/A,N/A,May 1 – 6May 1 – 6
1204,N/A,N/A,N/A,
1205,N/A,N/A,N/A,
1206,N/A,N/A,N/A,Affordable Comfort | Clean & Spacious 2BHK
1207,N/A,N/A,N/A,"2 bedrooms2 bedrooms2 queen beds,  · 2 queen beds"
1208,N/A,N/A,N/A,May 1 – 6May 1 – 6
1209,N/A,N/A,N/A,
1210,N/A,N/A,N/A,
1211,N/A,N/A,N/A,1Bed luxury apartment|Near ISB Airport & Motorway
1212,N/A,N/A,N/A,"1 bedroom1 bedroom1 king bed,  · 1 king bed"
1213,N/A,N/A,N/A,May 1 – 6May 1 – 6
1214,N/A,N/A,N/A,
1215,N/A,N/A,N/A,
1216,N/A,N/A,N/A,Modern Zen Loft | Cinema Wall
1217,N/A,N/A,N/A,"2 bedrooms2 bedrooms2 beds,  · 2 beds"
1218,N/A,N/A,N/A,May 1 – 6May 1 – 6
1219,N/A,N/A,N/A,
1220,N/A,N/A,N/A,
1221,N/A,N/A,N/A,Grande Apartment with Private Balcony By MMM Edge
1222,N/A,N/A,N/A,"1 bedroom1 bedroom1 bed,  · 1 bed"
1223,N/A,N/A,N/A,May 1 – 6May 1 – 6
1224,N/A,N/A,N/A,
1225,N/A,N/A,N/A,
1226,N/A,N/A,N/A,| MMUK Executive 2BHK | Self Check-In |
1227,N/A,N/A,N/A,"2 bedrooms2 bedrooms2 beds,  · 2 beds"
1228,N/A,N/A,N/A,May 1 – 6May 1 – 6
1229,N/A,N/A,N/A,
1230,N/A,N/A,N/A,
1231,N/A,N/A,N/A,UNA 1Bed Suite Apt| Scenic Views & Balcony|Elysium
1232,N/A,N/A,N/A,"1 bedroom1 bedroom1 king bed,  · 1 king bed"
1233,N/A,N/A,N/A,May 1 – 6May 1 – 6
1234,N/A,N/A,N/A,
1235,N/A,N/A,N/A,
1236,N/A,N/A,N/A,"The Warmer Apartment 2, Islamabad"
1237,N/A,N/A,N/A,1 bed1 bed
1238,N/A,N/A,N/A,May 11 – 16May 11 – 16
1239,N/A,N/A,N/A,
1240,N/A,N/A,N/A,
1241,N/A,N/A,N/A,Margalla View 2BR| Portion modern design.
1242,N/A,N/A,N/A,"2 bedrooms2 bedrooms2 beds,  · 2 beds"
1243,N/A,N/A,N/A,May 17 – 22May 17 – 22
1244,N/A,N/A,N/A,
1245,N/A,N/A,N/A,
1246,N/A,N/A,N/A,"Luxury & Family Rooms, WiFi, Free Parking"
1247,N/A,N/A,N/A,1 bed1 bed
1248,N/A,N/A,N/A,May 1 – 6May 1 – 6
1249,N/A,N/A,N/A,
1250,N/A,N/A,N/A,
1251,N/A,N/A,N/A,Luxe 1BR APT | Self Check-in | Bahria Town
1252,N/A,N/A,N/A,"1 bedroom1 bedroom1 king bed,  · 1 king bed"
1253,N/A,N/A,N/A,May 1 – 6May 1 – 6
1254,N/A,N/A,N/A,
1255,N/A,N/A,N/A,
1256,N/A,N/A,N/A,Centaurus Ultra Luxury - Mountain Vista Apartment
1257,N/A,N/A,N/A,"2 bedrooms2 bedrooms2 beds,  · 2 beds"
1258,N/A,N/A,N/A,May 1 – 6May 1 – 6
1259,N/A,N/A,N/A,
1260,N/A,N/A,N/A,
1261,N/A,N/A,N/A,Cloud Nine Apartment in Elysium
1262,N/A,N/A,N/A,"2 bedrooms2 bedrooms2 beds,  · 2 beds"
1263,N/A,N/A,N/A,May 1 – 6May 1 – 6
1264,N/A,N/A,N/A,
1265,N/A,N/A,N/A,
1266,N/A,N/A,N/A,The Orange Loft by Bayti | Premium 1BHK Unit
1267,N/A,N/A,N/A,"1 bedroom1 bedroom1 king bed,  · 1 king bed"
1268,N/A,N/A,N/A,May 1 – 6May 1 – 6
1269,N/A,N/A,N/A,
1270,N/A,N/A,N/A,
1271,N/A,N/A,N/A,Travellers Den/1 bed Apartment in H13
1272,N/A,N/A,N/A,"1 bedroom1 bedroom1 queen bed,  · 1 queen bed"
1273,N/A,N/A,N/A,May 1 – 6May 1 – 6
1274,N/A,N/A,N/A,
1275,N/A,N/A,N/A,
1276,N/A,N/A,N/A,Luxury Villa | City Views | Main ISB
1277,N/A,N/A,N/A,"3 bedrooms3 bedrooms3 beds,  · 3 beds"
1278,N/A,N/A,N/A,May 1 – 6May 1 – 6
1279,N/A,N/A,N/A,
1280,N/A,N/A,N/A,
1281,N/A,N/A,N/A,Aazaan's Paradise
1282,N/A,N/A,N/A,"2 bedrooms2 bedrooms2 beds,  · 2 beds"
1283,N/A,N/A,N/A,May 1 – 6May 1 – 6
1284,N/A,N/A,N/A,
1285,N/A,N/A,N/A,
1286,N/A,N/A,N/A,Quiet Gated Private Stay in E11 Islamabad
1287,N/A,N/A,N/A,"1 bedroom1 bedroom1 bed,  · 1 bed"
1288,N/A,N/A,N/A,May 1 – 6May 1 – 6
1289,N/A,N/A,N/A,
1290,N/A,N/A,N/A,
1291,N/A,N/A,N/A,Lake View Apartments By Airmakaan
1292,N/A,N/A,N/A,"2 bedrooms2 bedrooms3 beds,  · 3 beds"
1293,N/A,N/A,N/A,May 1 – 6May 1 – 6
1294,N/A,N/A,N/A,
1295,N/A,N/A,N/A,
1296,N/A,N/A,N/A,TwinLight Luxy Haven (2BHK)
1297,N/A,N/A,N/A,"2 bedrooms2 bedrooms2 beds,  · 2 beds"
1298,N/A,N/A,N/A,May 1 – 6May 1 – 6
1299,N/A,N/A,N/A,
1300,N/A,N/A,N/A,
1301,N/A,N/A,N/A,Neat Retreat 2BHK | Netflix-Wifi-AC | E-11/2 ISB
1302,N/A,N/A,N/A,"2 bedrooms2 bedrooms2 beds,  · 2 beds"
1303,N/A,N/A,N/A,May 1 – 6May 1 – 6
1304,N/A,N/A,N/A,
1305,N/A,N/A,N/A,
1306,N/A,N/A,N/A,Cozy apartment in islamabad
1307,N/A,N/A,N/A,"1 bedroom1 bedroom1 bed,  · 1 bed"
1308,N/A,N/A,N/A,May 1 – 6May 1 – 6
1309,N/A,N/A,N/A,
1310,N/A,N/A,N/A,
1311,N/A,N/A,N/A,1BR Eiffel View
1312,N/A,N/A,N/A,"1 bedroom1 bedroom1 bed,  · 1 bed"
1313,N/A,N/A,N/A,May 1 – 6May 1 – 6
1314,N/A,N/A,N/A,
1315,N/A,N/A,N/A,
1316,N/A,N/A,N/A,Cozy Room in Islamabad - Pool View
1317,N/A,N/A,N/A,1 queen bed1 queen bed
1318,N/A,N/A,N/A,May 1 – 6May 1 – 6
1319,N/A,N/A,N/A,
1320,N/A,N/A,N/A,
1321,N/A,N/A,N/A,Luxury Modern- 1BHK- Apartment in Islamabad
1322,N/A,N/A,N/A,"1 bedroom1 bedroom1 bed,  · 1 bed"
1323,N/A,N/A,N/A,May 1 – 6May 1 – 6
1324,N/A,N/A,N/A,
1325,N/A,N/A,N/A,
1326,N/A,N/A,N/A,"Family Room 116
Master bed+single bed"
1327,N/A,N/A,N/A,"1 bedroom1 bedroom2 beds,  · 2 beds"
1328,N/A,N/A,N/A,May 1 – 6May 1 – 6
1329,N/A,N/A,N/A,
1330,N/A,N/A,N/A,
1331,N/A,N/A,N/A,Luxury 2-Bed Apartment with Peaceful View |Central
1332,N/A,N/A,N/A,"2 bedrooms2 bedrooms2 double beds,  · 2 double beds"
1333,N/A,N/A,N/A,May 1 – 6May 1 – 6
1334,N/A,N/A,N/A,
1335,N/A,N/A,N/A,
1336,N/A,N/A,N/A,Contemporary First Floor Portion –Family Residence
1337,N/A,N/A,N/A,"3 bedrooms3 bedrooms6 beds,  · 6 beds"
1338,N/A,N/A,N/A,May 1 – 6May 1 – 6
1339,N/A,N/A,N/A,
1340,N/A,N/A,N/A,
1341,N/A,N/A,N/A,Spacious 4BR-G10- Parking-fast wifi-cctv secure
1342,N/A,N/A,N/A,"4 bedrooms4 bedrooms5 beds,  · 5 beds"
1343,N/A,N/A,N/A,May 1 – 6May 1 – 6
1344,N/A,N/A,N/A,
1345,N/A,N/A,N/A,
1346,N/A,N/A,N/A,Aesthetic Studio by Bayti | The Holton Stays
1347,N/A,N/A,N/A,"1 bedroom1 bedroom1 king bed,  · 1 king bed"
1348,N/A,N/A,N/A,May 1 – 6May 1 – 6
1349,N/A,N/A,N/A,
